top_level_category,subcategory,product_name,image_url,product_url,price
special-buys,easter,Moser Roth Mini Finest Eggs 150g,https://www.aldi.com.au/fileadmin/fm-dam/Products/Special_Buys/Special_Buys_2019/Week_06/WED/WK06_1x1_228x128_1.jpg,https://www.aldi.com.au/en/special-buys/easter/irresistible-easter-detail/ps/p/moser-roth-mini-finest-eggs-150g/,$3.49
special-buys,easter,Dairy Fine Chocolate Novelties 150g,https://www.aldi.com.au/fileadmin/fm-dam/Products/Special_Buys/Special_Buys_2019/Week_06/WED/WK06_1x1_228x128_4.jpg,https://www.aldi.com.au/en/special-buys/easter/irresistible-easter-detail/ps/p/dairy-fine-chocolate-novelties-150g-5/,$1.99
special-buys,easter,MaltEaster Bunny 29g,https://www.aldi.com.au/fileadmin/fm-dam/Products/Special_Buys/Special_Buys_2019/Week_06/WED/WK06_1x1_228x128_7.jpg,https://www.aldi.com.au/en/special-buys/easter/irresistible-easter-detail/ps/p/malteaster-bunny-29g-5/,99c
special-buys,easter,Licensed Collection Egg 10g,https://www.aldi.com.au/fileadmin/fm-dam/Products/Special_Buys/Special_Buys_2019/Week_06/WED/WK06_1x1_228x128_8.jpg,https://www.aldi.com.au/en/special-buys/easter/irresistible-easter-detail/ps/p/licensed-collection-egg-10g/,$1.99
special-buys,easter,Cadbury Dairy Milk Hollow Egg 50g,https://www.aldi.com.au/fileadmin/fm-dam/Products/Special_Buys/Special_Buys_2019/Week_06/WED/WK06_1x1_228x128_3.jpg,https://www.aldi.com.au/en/special-buys/easter/irresistible-easter-detail/ps/p/cadbury-dairy-milk-hollow-egg-50g-1/,$1.99
special-buys,easter,Cadbury Mixed Egg Bag 213g,https://www.aldi.com.au/fileadmin/fm-dam/Products/Special_Buys/Special_Buys_2019/Week_10/WED/WK10_1x1_228x128_7.jpg,https://www.aldi.com.au/en/special-buys/easter/irresistible-easter-detail/ps/p/cadbury-mixed-egg-bag-213g-1/,$5.99
special-buys,easter,Dairy Fine Speckled Eggs 100g,https://www.aldi.com.au/fileadmin/fm-dam/Products/Special_Buys/Special_Buys_2019/Week_10/WED/WK10_1x1_228x128_8.jpg,https://www.aldi.com.au/en/special-buys/easter/irresistible-easter-detail/ps/p/dairy-fine-speckled-eggs-100g-3/,$1.89
special-buys,easter,Belmont Biscuit Co. Assorted Wafer Rolls,https://www.aldi.com.au/fileadmin/fm-dam/Products/Special_Buys/Special_Buys_2019/Week_06/WED/WK06_1x1_228x128_2.jpg,https://www.aldi.com.au/en/special-buys/easter/irresistible-easter-detail/ps/p/belmont-biscuit-co-assorted-wafer-rolls/,$2.49
special-buys,easter,Dairy Fine Giant Standing Bunny 400g,https://www.aldi.com.au/fileadmin/fm-dam/images/Easter_2019/Products/WK12/WK12_EASTER_1x1_388x314_1.jpg,https://www.aldi.com.au/en/special-buys/easter/irresistible-easter-detail/ps/p/dairy-fine-giant-standing-bunny-400g/,$7.99
special-buys,easter,Dairy Fine Big Bag Chocolate Eggs 500g,https://www.aldi.com.au/fileadmin/fm-dam/images/Easter_2019/Products/WK12/WK12_EASTER_1x1_388x314_2.jpg,https://www.aldi.com.au/en/special-buys/easter/irresistible-easter-detail/ps/p/dairy-fine-big-bag-chocolate-eggs-500g/,$8.99
special-buys,easter,Dairy Fine Chocolate Easter Bag 300g,https://www.aldi.com.au/fileadmin/fm-dam/images/Easter_2019/Products/WK12/WK12_EASTER_1x1_388x314_3.jpg,https://www.aldi.com.au/en/special-buys/easter/irresistible-easter-detail/ps/p/dairy-fine-chocolate-easter-bag-300g-1/,$4.99
special-buys,easter,Dairy Fine Easter Egg Crate 15pk/255g,https://www.aldi.com.au/fileadmin/fm-dam/images/Easter_2019/Products/WK12/WK12_EASTER_1x1_388x314_4.jpg,https://www.aldi.com.au/en/special-buys/easter/irresistible-easter-detail/ps/p/dairy-fine-easter-egg-crate-15pk255g/,$4.99
special-buys,easter,Dairy Fine Easter Figures 100g,https://www.aldi.com.au/fileadmin/fm-dam/images/Easter_2019/Products/WK12/WK12_EASTER_1x1_388x314_5.jpg,https://www.aldi.com.au/en/special-buys/easter/irresistible-easter-detail/ps/p/dairy-fine-easter-figures-100g-1/,$2.99
special-buys,easter,Dairy Fine Caramel Hunting Eggs 320g,https://www.aldi.com.au/fileadmin/fm-dam/images/Easter_2019/Products/WK12/WK12_EASTER_1x1_388x314_6.jpg,https://www.aldi.com.au/en/special-buys/easter/irresistible-easter-detail/ps/p/dairy-fine-caramel-hunting-eggs-320g-2/,$4.99
special-buys,easter,Dairy Fine Chocolate Solid Eggs 500g,https://www.aldi.com.au/fileadmin/fm-dam/images/Easter_2019/Products/WK12/WK12_EASTER_1x1_388x314_7.jpg,https://www.aldi.com.au/en/special-buys/easter/irresistible-easter-detail/ps/p/dairy-fine-chocolate-solid-eggs-500g-2/,$4.99
special-buys,easter,Choceur Filled Mini Bunnies 150g/180g,https://www.aldi.com.au/fileadmin/fm-dam/images/Easter_2019/Products/WK12/WK12_EASTER_1x1_388x314_8.jpg,https://www.aldi.com.au/en/special-buys/easter/irresistible-easter-detail/ps/p/choceur-filled-mini-bunnies-150g180g/,$2.99
special-buys,easter,Choceur Easter Chocolate Minis 125g,https://www.aldi.com.au/fileadmin/fm-dam/images/Easter_2019/Products/WK12/WK12_EASTER_1x1_388x314_9.jpg,https://www.aldi.com.au/en/special-buys/easter/irresistible-easter-detail/ps/p/choceur-easter-chocolate-minis-125g/,$3.99
special-buys,easter,Dairy Fine Mini Filled Eggs 150g,https://www.aldi.com.au/fileadmin/fm-dam/images/Easter_2019/Products/WK12/WK12_EASTER_1x1_388x314_10.jpg,https://www.aldi.com.au/en/special-buys/easter/irresistible-easter-detail/ps/p/dairy-fine-mini-filled-eggs-150g-1/,$2.49
special-buys,easter,Choceur Mini Farmyard Animals 3pk/105g,https://www.aldi.com.au/fileadmin/fm-dam/images/Easter_2019/Products/WK12/WK12_EASTER_1x1_388x314_11.jpg,https://www.aldi.com.au/en/special-buys/easter/irresistible-easter-detail/ps/p/choceur-mini-farmyard-animals-3pk105g/,$6.99
special-buys,easter,Choceur Premium Decorated Rabbit 180g,https://www.aldi.com.au/fileadmin/fm-dam/images/Easter_2019/Products/WK12/WK12_EASTER_1x1_388x314_12.jpg,https://www.aldi.com.au/en/special-buys/easter/irresistible-easter-detail/ps/p/choceur-premium-decorated-rabbit-180g/,$5.99
special-buys,easter,Choceur Chocolate Sitting Bunny 100g,https://www.aldi.com.au/fileadmin/fm-dam/images/Easter_2019/Products/WK12/WK12_EASTER_1x1_388x314_13.jpg,https://www.aldi.com.au/en/special-buys/easter/irresistible-easter-detail/ps/p/choceur-chocolate-sitting-bunny-100g/,$1.99
special-buys,easter,Choceur Kid’s Eggs 120g,https://www.aldi.com.au/fileadmin/fm-dam/images/Easter_2019/Products/WK12/WK12_EASTER_1x1_388x314_14.jpg,https://www.aldi.com.au/en/special-buys/easter/irresistible-easter-detail/ps/p/choceur-kids-eggs-120g/,$4.99
special-buys,easter,Cadbury Hollow Bunny 100g,https://www.aldi.com.au/fileadmin/fm-dam/images/Easter_2019/Products/WK12/WK12_EASTER_1x1_388x314_15.jpg,https://www.aldi.com.au/en/special-buys/easter/irresistible-easter-detail/ps/p/cadbury-hollow-bunny-100g/,$2.99
special-buys,easter,Kinder Bunny 75g,https://www.aldi.com.au/fileadmin/fm-dam/images/Easter_2019/Products/WK12/WK12_EASTER_1x1_388x314_16.jpg,https://www.aldi.com.au/en/special-buys/easter/irresistible-easter-detail/ps/p/kinder-bunny-75g/,$4.99
special-buys,easter,Choceur Flame Egg 325g,https://www.aldi.com.au/fileadmin/fm-dam/images/Easter_2019/Products/WK12/WK12_EASTER_1x1_388x314_17.jpg,https://www.aldi.com.au/en/special-buys/easter/irresistible-easter-detail/ps/p/choceur-flame-egg-325g-4/,$7.99
special-buys,easter,Specially Selected Luxury Half Egg 150g,https://www.aldi.com.au/fileadmin/fm-dam/images/Easter_2019/Products/WK12/WK12_EASTER_1x1_388x314_18.jpg,https://www.aldi.com.au/en/special-buys/easter/irresistible-easter-detail/ps/p/specially-selected-luxury-half-egg-150g-1/,$8.99
special-buys,easter,Choceur Deluxe Easter Eggs 150g,https://www.aldi.com.au/fileadmin/fm-dam/images/Easter_2019/Products/WK12/WK12_EASTER_1x1_388x314_19.jpg,https://www.aldi.com.au/en/special-buys/easter/irresistible-easter-detail/ps/p/choceur-deluxe-easter-eggs-150g-2/,$6.49
special-buys,easter,Ferrero Rocher Eggs 100g,https://www.aldi.com.au/fileadmin/fm-dam/images/Easter_2019/Products/WK12/WK12_EASTER_1x1_388x314_20.jpg,https://www.aldi.com.au/en/special-buys/easter/irresistible-easter-detail/ps/p/ferrero-rocher-eggs-100g/,$4.99
special-buys,easter,Moser Roth Finest Easter Eggs 150g,https://www.aldi.com.au/fileadmin/fm-dam/images/Easter_2019/Products/WK12/WK12_EASTER_1x1_388x314_21.jpg,https://www.aldi.com.au/en/special-buys/easter/irresistible-easter-detail/ps/p/moser-roth-finest-easter-eggs-150g-3/,$3.49
special-buys,easter,Specially Selected Truffle Eggs 150g,https://www.aldi.com.au/fileadmin/fm-dam/images/Easter_2019/Products/WK12/WK12_EASTER_1x1_388x314_22.jpg,https://www.aldi.com.au/en/special-buys/easter/irresistible-easter-detail/ps/p/specially-selected-truffle-eggs-150g-2/,$4.49
special-buys,easter,Specially Selected Turkish Delight 300g,https://www.aldi.com.au/fileadmin/fm-dam/images/Easter_2019/Products/WK12/WK12_EASTER_1x1_388x314_23.jpg,https://www.aldi.com.au/en/special-buys/easter/irresistible-easter-detail/ps/p/specially-selected-turkish-delight-300g-1/,$3.99
special-buys,easter,Choices Free From Easter Eggs 115g,https://www.aldi.com.au/fileadmin/fm-dam/images/Easter_2019/Products/WK12/WK12_EASTER_1x1_388x314_24.jpg,https://www.aldi.com.au/en/special-buys/easter/irresistible-easter-detail/ps/p/choices-free-from-easter-eggs-115g/,$6.49
special-buys,easter,Sweet William Hollow Egg 100g,https://www.aldi.com.au/fileadmin/fm-dam/images/Easter_2019/Products/WK12/WK12_EASTER_1x1_388x314_25.jpg,https://www.aldi.com.au/en/special-buys/easter/irresistible-easter-detail/ps/p/sweet-william-hollow-egg-100g/,$7.99
special-buys,easter,Sweet William Bunny 120g,https://www.aldi.com.au/fileadmin/fm-dam/images/Easter_2019/Products/WK12/WK12_EASTER_1x1_388x314_26.jpg,https://www.aldi.com.au/en/special-buys/easter/irresistible-easter-detail/ps/p/sweet-william-bunny-120g/,$9.99
special-buys,easter,Belmont Biscuit Co. Easter Cookies 300g,https://www.aldi.com.au/fileadmin/fm-dam/images/Easter_2019/Products/WK12/WK12_EASTER_1x1_388x314_27.jpg,https://www.aldi.com.au/en/special-buys/easter/irresistible-easter-detail/ps/p/belmont-biscuit-co-easter-cookies-300g-2/,$3.99
special-buys,easter,Darrell Lea Mini Hot Cross Buns 120g,https://www.aldi.com.au/fileadmin/fm-dam/images/Easter_2019/Products/WK12/WK12_EASTER_1x1_388x314_28.jpg,https://www.aldi.com.au/en/special-buys/easter/irresistible-easter-detail/ps/p/darrell-lea-mini-hot-cross-buns-120g/,$5.99
special-buys,easter,Darrell Lea Easter Brittle Eggs 130g,https://www.aldi.com.au/fileadmin/fm-dam/images/Easter_2019/Products/WK12/WK12_EASTER_1x1_388x314_29.jpg,https://www.aldi.com.au/en/special-buys/easter/irresistible-easter-detail/ps/p/darrell-lea-easter-brittle-eggs-130g-1/,$4.99
special-buys,easter,Trolli Easter Hunt Mix 300g,https://www.aldi.com.au/fileadmin/fm-dam/images/Easter_2019/Products/WK12/WK12_EASTER_1x1_388x314_30.jpg,https://www.aldi.com.au/en/special-buys/easter/irresistible-easter-detail/ps/p/trolli-easter-hunt-mix-300g/,$3.99
special-buys,easter,Cadbury Buttons Gift Box 135g,https://www.aldi.com.au/fileadmin/fm-dam/images/Easter_2019/Products/WK12/WK12_EASTER_1x1_388x314_31.jpg,https://www.aldi.com.au/en/special-buys/easter/irresistible-easter-detail/ps/p/cadbury-buttons-gift-box-135g/,$6.99
special-buys,easter,Cadbury Humpty Dumpty Carton 175g,https://www.aldi.com.au/fileadmin/fm-dam/images/Easter_2019/Products/WK12/WK12_EASTER_1x1_388x314_32.jpg,https://www.aldi.com.au/en/special-buys/easter/irresistible-easter-detail/ps/p/cadbury-humpty-dumpty-carton-175g/,$6.99
special-buys,easter,Licensed Egg Bag 15pk/75g,https://www.aldi.com.au/fileadmin/fm-dam/images/Easter_2019/Products/WK12/WK12_EASTER_1x1_388x314_34.jpg,https://www.aldi.com.au/en/special-buys/easter/irresistible-easter-detail/ps/p/licensed-egg-bag-15pk75g/,$4.99
special-buys,easter,Licensed Mug Gift Set with Chocolate Egg 90g,https://www.aldi.com.au/fileadmin/fm-dam/images/Easter_2019/Products/WK12/WK12_EASTER_1x1_388x314_35.jpg,https://www.aldi.com.au/en/special-buys/easter/irresistible-easter-detail/ps/p/licensed-mug-gift-set-with-chocolate-egg-90g/,$8.99
special-buys,easter,Licensed Mug Set with Chocolate Egg 60g,https://www.aldi.com.au/fileadmin/fm-dam/images/Easter_2019/Products/WK12/WK12_EASTER_1x1_388x314_37.jpg,https://www.aldi.com.au/en/special-buys/easter/irresistible-easter-detail/ps/p/licensed-mug-set-with-chocolate-egg-60g/,$4.99
special-buys,easter,Bakers Life Mini Fruit Hot Cross Buns,https://www.aldi.com.au/fileadmin/fm-dam/images/Easter_2019/Products/WK06/ALN1992_EASTER-1x1_228x128_1R.jpg,https://www.aldi.com.au/en/special-buys/easter/irresistible-easter-detail/ps/p/mini-fruit-hot-cross-buns/,$2.99
special-buys,easter,Bakers Life Fruit Hot Cross Buns,https://www.aldi.com.au/fileadmin/fm-dam/images/Easter_2019/Products/WK06/ALN1992_EASTER-1x1_228x128_2.jpg,https://www.aldi.com.au/en/special-buys/easter/irresistible-easter-detail/ps/p/fruit-hot-cross-buns/,$2.99
special-buys,easter,Bakers Life Mini Chocolate Chip Hot Cross Buns,https://www.aldi.com.au/fileadmin/fm-dam/images/Easter_2019/Products/WK06/ALN1992_EASTER-1x1_228x128_3.jpg,https://www.aldi.com.au/en/special-buys/easter/irresistible-easter-detail/ps/p/mini-chocolate-chip-hot-cross-buns/,$2.99
special-buys,easter,Bakers Life Fruitless Hot Cross Buns,https://www.aldi.com.au/fileadmin/fm-dam/images/Easter_2019/Products/WK06/ALN1992_EASTER-1x1_228x128_4.jpg,https://www.aldi.com.au/en/special-buys/easter/irresistible-easter-detail/ps/p/fruitless-hot-cross-buns/,$2.99
special-buys,easter,Specially Selected Brioche Hot Cross Buns,https://www.aldi.com.au/fileadmin/fm-dam/images/Easter_2019/Products/WK06/ALN1992_EASTER-1x1_228x128_5.jpg,https://www.aldi.com.au/en/special-buys/easter/irresistible-easter-detail/ps/p/specially-selected-brioche-hot-cross-buns/,$2.99
special-buys,easter,Specially Selected Chocolate Chip Brioche Hot Cross Buns,https://www.aldi.com.au/fileadmin/fm-dam/images/Easter_2019/Products/WK06/ALN1992_EASTER-1x1_228x128_6.jpg,https://www.aldi.com.au/en/special-buys/easter/irresistible-easter-detail/ps/p/chocolate-chip-brioche-hot-cross-buns/,$2.99
special-buys,easter,Will & Jess Easter Cupcake Mixes with Icing 440g-465g,https://www.aldi.com.au/fileadmin/fm-dam/Products/Special_Buys/Special_Buys_2019/Week_10/WED/WK10_1x1_228x128_1.jpg,https://www.aldi.com.au/en/special-buys/easter/irresistible-easter-detail/ps/p/will-jess-easter-cupcake-mixes-with-icing-440g-465/,$2.99
special-buys,easter,Has No Gluten Free Chocolate Mud Cake Mix 470g-500g,https://www.aldi.com.au/fileadmin/fm-dam/Products/Special_Buys/Special_Buys_2019/Week_10/WED/WK10_1x1_228x128_4.jpg,https://www.aldi.com.au/en/special-buys/easter/irresistible-easter-detail/ps/p/has-no-gluten-free-chocolate-mud-cake-mix-470g-500/,$3.69
special-buys,easter,Has No Gluten Free Brownie Mix 470g-500g,https://www.aldi.com.au/fileadmin/fm-dam/Products/Special_Buys/Special_Buys_2019/Week_10/WED/WK10_1x1_228x128_6.jpg,https://www.aldi.com.au/en/special-buys/easter/irresistible-easter-detail/ps/p/has-no-gluten-free-brownie-mix-470g-500g/,$3.69
special-buys,easter,Has No Gluten Free Cupcake Mix 470g-500g,https://www.aldi.com.au/fileadmin/fm-dam/Products/Special_Buys/Special_Buys_2019/Week_10/WED/WK10_1x1_228x128_5.jpg,https://www.aldi.com.au/en/special-buys/easter/irresistible-easter-detail/ps/p/has-no-gluten-free-cupcake-mix-470g-500g/,$3.69
special-buys,easter,Betty Crocker Chocolate Caramel Muffin Mix 500g,https://www.aldi.com.au/fileadmin/fm-dam/Products/Special_Buys/Special_Buys_2019/Week_10/WED/WK10_1x1_228x128_2.jpg,https://www.aldi.com.au/en/special-buys/easter/irresistible-easter-detail/ps/p/betty-crocker-chocolate-caramel-muffin-mix-500g/,$3.99
special-buys,easter,Betty Crocker Brownie Mixes 500g,https://www.aldi.com.au/fileadmin/fm-dam/Products/Special_Buys/Special_Buys_2019/Week_10/WED/WK10_1x1_228x128_3.jpg,https://www.aldi.com.au/en/special-buys/easter/irresistible-easter-detail/ps/p/betty-crocker-brownie-mixes-500g/,$3.99
groceries,olive-oils,Just Organic Extra Virgin Olive Oil 500ml,https://www.aldi.com.au/fileadmin/fm-dam/Products/Groceries/olive_oil/ALN1075_OLIVE-OIL_1x1_228x128_5.jpg,https://www.aldi.com.au/en/groceries/olive-oils/olive-oil-detail/ps/p/just-organic-extra-virgin-olive-oil-500ml/,$4.69
groceries,olive-oils,Remano Olive Oil / Mild Olive Oil 1L,https://www.aldi.com.au/fileadmin/fm-dam/Products/Groceries/olive_oil/ALN1075_OLIVE-OIL_1x1_228x128_3_01.jpg,https://www.aldi.com.au/en/groceries/olive-oils/olive-oil-detail/ps/p/remano-olive-oil-mild-olive-oil-1l/,$5.99
groceries,olive-oils,The Olive Tree Australian Extra Virgin Olive Oil Spray 225g,https://www.aldi.com.au/fileadmin/fm-dam/Products/Groceries/olive_oil/2018/ALN1726-3_1x1_OLIVE-OIL_228x128_.jpg,https://www.aldi.com.au/en/groceries/olive-oils/olive-oil-detail/ps/p/the-olive-tree-australian-extra-virgin-olive-oil-s/,$2.99
groceries,olive-oils,The Olive Tree Australian Extra Virgin Olive Oil 1L – Fruity,https://www.aldi.com.au/fileadmin/fm-dam/Products/Groceries/olive_oil/2018/ALN1726-3_1x1_OLIVE-OIL_228x128_2.jpg,https://www.aldi.com.au/en/groceries/olive-oils/olive-oil-detail/ps/p/the-olive-tree-australian-extra-virgin-olive-oil-1-2/,$8.99
groceries,olive-oils,The Olive Tree Australian Extra Virgin Olive Oil 3L,https://www.aldi.com.au/fileadmin/fm-dam/Products/Groceries/olive_oil/2018/ALN1726-3_1x1_OLIVE-OIL_228x128_3.jpg,https://www.aldi.com.au/en/groceries/olive-oils/olive-oil-detail/ps/p/the-olive-tree-australian-extra-virgin-olive-oil-3/,$23.99
groceries,olive-oils,Remano Extra Virgin Olive Oil 3.78L,https://www.aldi.com.au/fileadmin/fm-dam/Products/Groceries/olive_oil/2017/ALN1136_1x1_OIL_228x128_3.jpg,https://www.aldi.com.au/en/groceries/olive-oils/olive-oil-detail/ps/p/remano-extra-virgin-olive-oil-378l/,$22.99
groceries,olive-oils,Casa Barelli Extra Virgin Olive Oil 750ml,https://www.aldi.com.au/fileadmin/fm-dam/Products/Groceries/olive_oil/2017/ALN1136_1x1_OIL_228x128_4.jpg,https://www.aldi.com.au/en/groceries/olive-oils/olive-oil-detail/ps/p/casa-barelli-extra-virgin-olive-oil-750ml/,$4.99
groceries,olive-oils,Cobram Estate  Australia Extra Virgin Olive Oil 500ml,https://www.aldi.com.au/fileadmin/fm-dam/Products/Groceries/olive_oil/ALN1075_OLIVE-OIL_1x1_228x128_3.jpg,https://www.aldi.com.au/en/groceries/olive-oils/olive-oil-detail/ps/p/cobram-estate-australia-extra-virgin-olive-oil-500/,$8.99
special-buys,special-buys-liquor,South of Somewhere Pale Ale 6 x 330ml,https://www.aldi.com.au/fileadmin/fm-dam/Products/Special_Buys/Special_Buys_2019/Week_16/LIQUOR/WK16_SPECIAL_BUYS_LIQUOR_1x1_.jpg,https://www.aldi.com.au/en/special-buys/special-buys-liquor/liquor-detail/ps/p/south-of-somewhere-pale-ale-6-x-330ml/,$9.99
special-buys,special-buys-sat-20-april,Original Source Shower Gel 250ml,https://www.aldi.com.au/fileadmin/fm-dam/Products/Special_Buys/Special_Buys_2019/Week_16/SAT/WK16_1x1_228x128_37.jpg,https://www.aldi.com.au/en/special-buys/special-buys-sat-20-april/saturday-detail-wk16/ps/p/original-source-shower-gel-250ml-8/,$1.99
special-buys,special-buys-liquor,South of Somewhere Pale Ale 24 x 330ml,https://www.aldi.com.au/fileadmin/fm-dam/Products/Special_Buys/Special_Buys_2019/Week_16/LIQUOR/WK16_SPECIAL_BUYS_LIQUOR_1x1_2.jpg,https://www.aldi.com.au/en/special-buys/special-buys-liquor/liquor-detail/ps/p/south-of-somewhere-pale-ale-24-x-330ml/,$39.95
special-buys,special-buys-liquor,Mac’s Hop Rocker 12 x 330ml,https://www.aldi.com.au/fileadmin/fm-dam/Products/Special_Buys/Special_Buys_2019/Week_16/LIQUOR/WK16_SPECIAL_BUYS_LIQUOR_1x1_3.jpg,https://www.aldi.com.au/en/special-buys/special-buys-liquor/liquor-detail/ps/p/macs-hop-rocker-12-x-330ml/,$26.99
special-buys,special-buys-liquor,Steinlager Classic 12 x 330ml,https://www.aldi.com.au/fileadmin/fm-dam/Products/Special_Buys/Special_Buys_2019/Week_16/LIQUOR/WK16_SPECIAL_BUYS_LIQUOR_1x1_4.jpg,https://www.aldi.com.au/en/special-buys/special-buys-liquor/liquor-detail/ps/p/steinlager-classic-12-x-330ml-1/,$24.99
special-buys,special-buys-liquor,Speight's Summit 12 x 330ml,https://www.aldi.com.au/fileadmin/fm-dam/Products/Special_Buys/Special_Buys_2019/Week_16/LIQUOR/WK16_SPECIAL_BUYS_LIQUOR_1x1_5_01.jpg,https://www.aldi.com.au/en/special-buys/special-buys-liquor/liquor-detail/ps/p/speights-summit-12-x-330ml/,$22.99
special-buys,special-buys-liquor,Mythos 6 x 330ml,https://www.aldi.com.au/fileadmin/fm-dam/Products/Special_Buys/Special_Buys_2019/Week_16/LIQUOR/WK16_SPECIAL_BUYS_LIQUOR_1x1_14.jpg,https://www.aldi.com.au/en/special-buys/special-buys-liquor/liquor-detail/ps/p/mythos-6-x-330ml-1/,$12.99
special-buys,special-buys-liquor,Mythos 24 x 330ml,https://www.aldi.com.au/fileadmin/fm-dam/Products/Special_Buys/Special_Buys_2019/Week_16/LIQUOR/WK16_SPECIAL_BUYS_LIQUOR_1x1_15.jpg,https://www.aldi.com.au/en/special-buys/special-buys-liquor/liquor-detail/ps/p/mythos-24-x-330ml-1/,$45.99
special-buys,special-buys-liquor,St Hallet Faith Shiraz 2017 750ml,https://www.aldi.com.au/fileadmin/fm-dam/Products/Special_Buys/Special_Buys_2019/Week_16/LIQUOR/WK16_SPECIAL_BUYS_LIQUOR_1x1_6.jpg,https://www.aldi.com.au/en/special-buys/special-buys-liquor/liquor-detail/ps/p/st-hallet-faith-shiraz-2017-750ml/,$12.89
special-buys,special-buys-liquor,Edwin & Hutt Marlborough Sauvignon Blanc 2018 6 x 750ml,https://www.aldi.com.au/fileadmin/fm-dam/Products/Special_Buys/Special_Buys_2019/Week_16/LIQUOR/WK16_SPECIAL_BUYS_LIQUOR_1x1_7.jpg,https://www.aldi.com.au/en/special-buys/special-buys-liquor/liquor-detail/ps/p/edwin-hutt-marlborough-sauvignon-blanc-2018-6-x-75/,$29.99
special-buys,special-buys-liquor,Edwin & Hutt South Australia Shiraz 2016 6 x 750ml,https://www.aldi.com.au/fileadmin/fm-dam/Products/Special_Buys/Special_Buys_2019/Week_16/LIQUOR/WK16_SPECIAL_BUYS_LIQUOR_1x1_8.jpg,https://www.aldi.com.au/en/special-buys/special-buys-liquor/liquor-detail/ps/p/edwin-hutt-south-australia-shiraz-2016-6-x-750ml/,$29.99
special-buys,special-buys-liquor,Houghton White Classic 2018 or Houghton Classic Shiraz 2016 750ml,https://www.aldi.com.au/fileadmin/fm-dam/Products/Special_Buys/Special_Buys_2019/Week_16/LIQUOR/WK16_SPECIAL_BUYS_LIQUOR_1x1_9.jpg,https://www.aldi.com.au/en/special-buys/special-buys-liquor/liquor-detail/ps/p/houghton-white-classic-2018-or-houghton-classic-sh/,$6.95
special-buys,special-buys-liquor,Yellowglen Pinot Noir Chardonnay NV 750ml,https://www.aldi.com.au/fileadmin/fm-dam/Products/Special_Buys/Special_Buys_2019/Week_16/LIQUOR/WK16_SPECIAL_BUYS_LIQUOR_1x1_10.jpg,https://www.aldi.com.au/en/special-buys/special-buys-liquor/liquor-detail/ps/p/yellowglen-pinot-noir-chardonnay-nv-750ml/,$9.99
special-buys,special-buys-liquor,42 Below Vodka 700ml,https://www.aldi.com.au/fileadmin/fm-dam/Products/Special_Buys/Special_Buys_2019/Week_16/LIQUOR/WK16_SPECIAL_BUYS_LIQUOR_1x1_11.jpg,https://www.aldi.com.au/en/special-buys/special-buys-liquor/liquor-detail/ps/p/42-below-vodka-700ml/,$39.99
special-buys,special-buys-liquor,Zeus Oyzo Gift Pack 700ml,https://www.aldi.com.au/fileadmin/fm-dam/Products/Special_Buys/Special_Buys_2019/Week_16/LIQUOR/WK16_SPECIAL_BUYS_LIQUOR_1x1_12.jpg,https://www.aldi.com.au/en/special-buys/special-buys-liquor/liquor-detail/ps/p/zeus-oyzo-gift-pack-700ml-1/,$34.99
special-buys,special-buys-wed-24-april,Australian Honey 1kg,https://www.aldi.com.au/fileadmin/fm-dam/Products/Special_Buys/Special_Buys_2019/Week_17/WED/WK17_1x1_228x128_13.jpg,https://www.aldi.com.au/en/special-buys/special-buys-wed-24-april/wednesday-detail-wk17/ps/p/australian-honey-1kg/,$8.99
special-buys,special-buys-sat-20-april,Palmolive Soap Bar 4 x 90g,https://www.aldi.com.au/fileadmin/fm-dam/Products/Special_Buys/Special_Buys_2019/Week_16/SAT/WK16_1x1_228x128_38.jpg,https://www.aldi.com.au/en/special-buys/special-buys-sat-20-april/saturday-detail-wk16/ps/p/palmolive-soap-bar-4-x-90g/,$1.99
special-buys,special-buys-sat-20-april,Palmolive Body Wash 1L,https://www.aldi.com.au/fileadmin/fm-dam/Products/Special_Buys/Special_Buys_2019/Week_16/SAT/WK16_1x1_228x128_39.jpg,https://www.aldi.com.au/en/special-buys/special-buys-sat-20-april/saturday-detail-wk16/ps/p/palmolive-body-wash-1l/,$4.99
special-buys,special-buys-sat-20-april,Rexona Women’s Anti-Perspirant Deodorant Twin Pack 2 x 150g,https://www.aldi.com.au/fileadmin/fm-dam/Products/Special_Buys/Special_Buys_2019/Week_16/SAT/WK16_1x1_228x128_40.jpg,https://www.aldi.com.au/en/special-buys/special-buys-sat-20-april/saturday-detail-wk16/ps/p/rexona-womens-anti-perspirant-deodorant-twin-pack/,$7.49
special-buys,special-buys-sat-20-april,Rexona Men’s Anti-Perspirant Deodorant Twin Pack 2 x 150g,https://www.aldi.com.au/fileadmin/fm-dam/Products/Special_Buys/Special_Buys_2019/Week_16/SAT/WK16_1x1_228x128_41.jpg,https://www.aldi.com.au/en/special-buys/special-buys-sat-20-april/saturday-detail-wk16/ps/p/rexona-mens-anti-perspirant-deodorant-twin-pack-2/,$7.49
special-buys,special-buys-sat-20-april,Nivea Soft Moisturising Cream 300ml,https://www.aldi.com.au/fileadmin/fm-dam/Products/Special_Buys/Special_Buys_2019/Week_16/SAT/WK16_1x1_228x128_42.jpg,https://www.aldi.com.au/en/special-buys/special-buys-sat-20-april/saturday-detail-wk16/ps/p/nivea-soft-moisturising-cream-300ml/,$7.99
special-buys,special-buys-sat-20-april,Lynx Body Spray 2 x 100g,https://www.aldi.com.au/fileadmin/fm-dam/Products/Special_Buys/Special_Buys_2019/Week_16/SAT/WK16_1x1_228x128_43.jpg,https://www.aldi.com.au/en/special-buys/special-buys-sat-20-april/saturday-detail-wk16/ps/p/lynx-body-spray-2-x-100g/,$5.99
special-buys,special-buys-sat-20-april,Pantene Shampoo or Conditioner 900ml,https://www.aldi.com.au/fileadmin/fm-dam/Products/Special_Buys/Special_Buys_2019/Week_16/SAT/WK16_1x1_228x128_44.jpg,https://www.aldi.com.au/en/special-buys/special-buys-sat-20-april/saturday-detail-wk16/ps/p/pantene-shampoo-or-conditioner-900ml-4/,$7.85
special-buys,special-buys-sat-20-april,Head and Shoulders Value Pack,https://www.aldi.com.au/fileadmin/fm-dam/Products/Special_Buys/Special_Buys_2019/Week_16/SAT/WK16_1x1_228x128_45.jpg,https://www.aldi.com.au/en/special-buys/special-buys-sat-20-april/saturday-detail-wk16/ps/p/head-and-shoulders-value-pack/,$4.99
special-buys,special-buys-sat-20-april,Men’s Puffer Vest,https://www.aldi.com.au/fileadmin/fm-dam/Products/Special_Buys/Special_Buys_2019/Week_16/SAT/WK16_1x1_228x128_46.jpg,https://www.aldi.com.au/en/special-buys/special-buys-sat-20-april/saturday-detail-wk16/ps/p/mens-puffer-vest-4/,$19.99
special-buys,special-buys-liquor,Metaxa 7 Star Brandy 700ml,https://www.aldi.com.au/fileadmin/fm-dam/Products/Special_Buys/Special_Buys_2019/Week_16/LIQUOR/WK16_SPECIAL_BUYS_LIQUOR_1x1_13.jpg,https://www.aldi.com.au/en/special-buys/special-buys-liquor/liquor-detail/ps/p/metaxa-7-star-brandy-700ml-3/,$44.99
special-buys,special-buys-liquor,Riccadonna Asti 2018 750ml,https://www.aldi.com.au/fileadmin/fm-dam/Products/Special_Buys/Special_Buys_2019/Week_16/LIQUOR/WK16_SPECIAL_BUYS_LIQUOR_1x1_16.jpg,https://www.aldi.com.au/en/special-buys/special-buys-liquor/liquor-detail/ps/p/riccadonna-asti-2018-750ml/,$9.99
special-buys,special-buys-liquor,Artea Provence Rosé 2018 750ml,https://www.aldi.com.au/fileadmin/fm-dam/Products/Special_Buys/Special_Buys_2019/Week_16/LIQUOR/WK16_SPECIAL_BUYS_LIQUOR_1x1_17.jpg,https://www.aldi.com.au/en/special-buys/special-buys-liquor/liquor-detail/ps/p/artea-provence-ros-2018-750ml/,$13.99
special-buys,special-buys-wed-24-april,Expressi Coffee Capsules Value Pack 6 x 16pk,https://www.aldi.com.au/fileadmin/fm-dam/Products/Special_Buys/Special_Buys_2019/Week_17/WED/WK17_1x1_228x128_14.jpg,https://www.aldi.com.au/en/special-buys/special-buys-wed-24-april/wednesday-detail-wk17/ps/p/expressi-coffee-capsules-value-pack-6-x-16pk/,$29.99
special-buys,special-buys-wed-24-april,Moccona Classic Coffee 400g,https://www.aldi.com.au/fileadmin/fm-dam/Products/Special_Buys/Special_Buys_2019/Week_17/WED/WK17_1x1_228x128_15.jpg,https://www.aldi.com.au/en/special-buys/special-buys-wed-24-april/wednesday-detail-wk17/ps/p/moccona-classic-coffee-400g-1/,$15.99
special-buys,special-buys-wed-24-april,Lavazza Qualità Oro Coffee 1kg,https://www.aldi.com.au/fileadmin/fm-dam/Products/Special_Buys/Special_Buys_2019/Week_17/WED/WK17_1x1_228x128_16.jpg,https://www.aldi.com.au/en/special-buys/special-buys-wed-24-april/wednesday-detail-wk17/ps/p/lavazza-qualita-oro-coffee-1kg-4/,$19.99
special-buys,special-buys-wed-24-april,Carman’s Muesli Bars 24pk/1.08kg,https://www.aldi.com.au/fileadmin/fm-dam/Products/Special_Buys/Special_Buys_2019/Week_17/WED/WK17_1x1_228x128_17.jpg,https://www.aldi.com.au/en/special-buys/special-buys-wed-24-april/wednesday-detail-wk17/ps/p/carmans-muesli-bars-24pk108kg/,$14.99
special-buys,special-buys-wed-24-april,Arnott’s Mint Slice Family Pack 337g,https://www.aldi.com.au/fileadmin/fm-dam/Products/Special_Buys/Special_Buys_2019/Week_17/WED/WK17_1x1_228x128_18.jpg,https://www.aldi.com.au/en/special-buys/special-buys-wed-24-april/wednesday-detail-wk17/ps/p/arnotts-mint-slice-family-pack-337g/,$3.49
special-buys,special-buys-wed-24-april,Arnott’s Tim Tam Family Pack 330g,https://www.aldi.com.au/fileadmin/fm-dam/Products/Special_Buys/Special_Buys_2019/Week_17/WED/WK17_1x1_228x128_19.jpg,https://www.aldi.com.au/en/special-buys/special-buys-wed-24-april/wednesday-detail-wk17/ps/p/arnotts-tim-tam-family-pack-330g/,$3.49
special-buys,special-buys-wed-24-april,Marinated Artichoke Pieces 1.9kg,https://www.aldi.com.au/fileadmin/fm-dam/Products/Special_Buys/Special_Buys_2019/Week_17/WED/WK17_1x1_228x128_20.jpg,https://www.aldi.com.au/en/special-buys/special-buys-wed-24-april/wednesday-detail-wk17/ps/p/marinated-artichoke-pieces-19kg/,$9.99
groceries,skin-care,LACURA,https://www.aldi.com.au/fileadmin/fm-dam/Products/Groceries/skin_care/ALP0614_WEB_AUDIT_2Q_LACURA_1x1_128x228_.jpg,https://www.aldi.com.au/en/groceries/skin-care/skin-care-detail/ps/p/lacura-essentials-purify-exfoliating-wash-150ml/,$3.69
special-buys,special-buys-sat-20-april,Men’s Long Sleeve Tee,https://www.aldi.com.au/fileadmin/fm-dam/Products/Special_Buys/Special_Buys_2019/Week_16/SAT/WK16_1x1_228x128_47.jpg,https://www.aldi.com.au/en/special-buys/special-buys-sat-20-april/saturday-detail-wk16/ps/p/mens-long-sleeve-tee/,$8.99
special-buys,special-buys-sat-20-april,Men’s Stretch Denim Jeans,https://www.aldi.com.au/fileadmin/fm-dam/Products/Special_Buys/Special_Buys_2019/Week_16/SAT/WK16_1x1_228x128_48.jpg,https://www.aldi.com.au/en/special-buys/special-buys-sat-20-april/saturday-detail-wk16/ps/p/mens-stretch-denim-jeans-5/,$14.99
special-buys,special-buys-sat-20-april,Men’s Leather Casual Shoes,https://www.aldi.com.au/fileadmin/fm-dam/Products/Special_Buys/Special_Buys_2019/Week_16/SAT/WK16_1x1_228x128_49.jpg,https://www.aldi.com.au/en/special-buys/special-buys-sat-20-april/saturday-detail-wk16/ps/p/mens-leather-casual-shoes-2/,$24.99
special-buys,special-buys-sat-20-april,Men’s Jacket,https://www.aldi.com.au/fileadmin/fm-dam/Products/Special_Buys/Special_Buys_2019/Week_16/SAT/WK16_1x1_228x128_50.jpg,https://www.aldi.com.au/en/special-buys/special-buys-sat-20-april/saturday-detail-wk16/ps/p/mens-jacket-1/,$24.99
special-buys,special-buys-sat-20-april,Men’s Jogger Pant,https://www.aldi.com.au/fileadmin/fm-dam/Products/Special_Buys/Special_Buys_2019/Week_16/SAT/WK16_1x1_228x128_51.jpg,https://www.aldi.com.au/en/special-buys/special-buys-sat-20-april/saturday-detail-wk16/ps/p/mens-jogger-pant-1/,$14.99
special-buys,special-buys-sat-20-april,Men’s French Rib Top,https://www.aldi.com.au/fileadmin/fm-dam/Products/Special_Buys/Special_Buys_2019/Week_16/SAT/WK16_1x1_228x128_52.jpg,https://www.aldi.com.au/en/special-buys/special-buys-sat-20-april/saturday-detail-wk16/ps/p/mens-french-rib-top-2/,$16.99
special-buys,special-buys-sat-20-april,Men’s Knit Sweat Top,https://www.aldi.com.au/fileadmin/fm-dam/Products/Special_Buys/Special_Buys_2019/Week_16/SAT/WK16_1x1_228x128_53.jpg,https://www.aldi.com.au/en/special-buys/special-buys-sat-20-april/saturday-detail-wk16/ps/p/mens-knit-sweat-top/,$12.99
special-buys,special-buys-sat-20-april,Men’s Knit Sweat Pant,https://www.aldi.com.au/fileadmin/fm-dam/Products/Special_Buys/Special_Buys_2019/Week_16/SAT/WK16_1x1_228x128_54.jpg,https://www.aldi.com.au/en/special-buys/special-buys-sat-20-april/saturday-detail-wk16/ps/p/mens-knit-sweat-pant/,$12.99
special-buys,special-buys-sat-20-april,Men’s Knit Sweat Hoodie,https://www.aldi.com.au/fileadmin/fm-dam/Products/Special_Buys/Special_Buys_2019/Week_16/SAT/WK16_1x1_228x128_55.jpg,https://www.aldi.com.au/en/special-buys/special-buys-sat-20-april/saturday-detail-wk16/ps/p/mens-knit-sweat-hoodie/,$14.99
special-buys,special-buys-sat-20-april,Men’s Waffle Thermal Top,https://www.aldi.com.au/fileadmin/fm-dam/Products/Special_Buys/Special_Buys_2019/Week_16/SAT/WK16_1x1_228x128_56.jpg,https://www.aldi.com.au/en/special-buys/special-buys-sat-20-april/saturday-detail-wk16/ps/p/mens-waffle-thermal-top-1/,$9.99
special-buys,special-buys-sat-20-april,Men’s Waffle Thermal Leggings,https://www.aldi.com.au/fileadmin/fm-dam/Products/Special_Buys/Special_Buys_2019/Week_16/SAT/WK16_1x1_228x128_57.jpg,https://www.aldi.com.au/en/special-buys/special-buys-sat-20-april/saturday-detail-wk16/ps/p/mens-waffle-thermal-leggings-1/,$9.99
special-buys,special-buys-sat-20-april,Men’s Premium Slipper Boots,https://www.aldi.com.au/fileadmin/fm-dam/Products/Special_Buys/Special_Buys_2019/Week_16/SAT/WK16_1x1_228x128_58.jpg,https://www.aldi.com.au/en/special-buys/special-buys-sat-20-april/saturday-detail-wk16/ps/p/mens-premium-slipper-boots-1/,$29.99
special-buys,special-buys-sat-20-april,Men’s Briefs 5pk,https://www.aldi.com.au/fileadmin/fm-dam/Products/Special_Buys/Special_Buys_2019/Week_16/SAT/WK16_1x1_228x128_59.jpg,https://www.aldi.com.au/en/special-buys/special-buys-sat-20-april/saturday-detail-wk16/ps/p/mens-briefs-5pk-10/,$9.99
special-buys,special-buys-sat-20-april,Men’s Trunks or Boxers 3pk,https://www.aldi.com.au/fileadmin/fm-dam/Products/Special_Buys/Special_Buys_2019/Week_16/SAT/WK16_1x1_228x128_60.jpg,https://www.aldi.com.au/en/special-buys/special-buys-sat-20-april/saturday-detail-wk16/ps/p/mens-trunks-or-boxers-3pk/,$9.99
groceries,super-savers,Brannans Butchery Pork Porchetta per kg,https://www.aldi.com.au/fileadmin/fm-dam/Products/Groceries/Super_Savers/2019/Produce/Weekly/WK17/W17_SUPER_SAVERS_MEAT_1x1_.jpg,https://www.aldi.com.au/en/groceries/super-savers/super-savers-detail/ps/p/brannans-butchery-pork-porchetta-per-kg-1/,$14.99
groceries,laundry,Trimat Advanced Laundry Liquid Regular       1L,https://www.aldi.com.au/fileadmin/fm-dam/Products/Groceries/laundry/2018/Update/ALN1726-8_1x1_LAUNDRY_228x128_.jpg,https://www.aldi.com.au/en/groceries/laundry/laundry-detail/ps/p/trimat-advanced-laundry-liquid-regular-1l/,$3.99
special-buys,special-buys-wed-24-april,Sundried Tomato Strips 1.5kg,https://www.aldi.com.au/fileadmin/fm-dam/Products/Special_Buys/Special_Buys_2019/Week_17/WED/WK17_1x1_228x128_21.jpg,https://www.aldi.com.au/en/special-buys/special-buys-wed-24-april/wednesday-detail-wk17/ps/p/sundried-tomato-strips-15kg-1/,$9.99
special-buys,special-buys-wed-24-april,Cucumbers 1.95kg,https://www.aldi.com.au/fileadmin/fm-dam/Products/Special_Buys/Special_Buys_2019/Week_17/WED/WK17_1x1_228x128_22.jpg,https://www.aldi.com.au/en/special-buys/special-buys-wed-24-april/wednesday-detail-wk17/ps/p/cucumbers-195kg-2/,$3.99
special-buys,special-buys-wed-24-april,Sliced Green Jalapeños 1.95kg,https://www.aldi.com.au/fileadmin/fm-dam/Products/Special_Buys/Special_Buys_2019/Week_17/WED/WK17_1x1_228x128_23.jpg,https://www.aldi.com.au/en/special-buys/special-buys-wed-24-april/wednesday-detail-wk17/ps/p/sliced-green-jalapenos-195kg/,$7.99
special-buys,special-buys-wed-24-april,Kalamata Olives 3.4kg,https://www.aldi.com.au/fileadmin/fm-dam/Products/Special_Buys/Special_Buys_2019/Week_17/WED/WK17_1x1_228x128_24.jpg,https://www.aldi.com.au/en/special-buys/special-buys-wed-24-april/wednesday-detail-wk17/ps/p/kalamata-olives-34kg-1/,$12.99
special-buys,special-buys-wed-24-april,Pitted Kalamata Olives 2kg,https://www.aldi.com.au/fileadmin/fm-dam/Products/Special_Buys/Special_Buys_2019/Week_17/WED/WK17_1x1_228x128_25.jpg,https://www.aldi.com.au/en/special-buys/special-buys-wed-24-april/wednesday-detail-wk17/ps/p/pitted-kalamata-olives-2kg-4/,$9.99
special-buys,special-buys-wed-24-april,Darrell Lea Original Liquorice Twists 900g,https://www.aldi.com.au/fileadmin/fm-dam/Products/Special_Buys/Special_Buys_2019/Week_17/WED/WK17_1x1_228x128_26.jpg,https://www.aldi.com.au/en/special-buys/special-buys-wed-24-april/wednesday-detail-wk17/ps/p/darrell-lea-original-liquorice-twists-900g/,$8.99
special-buys,special-buys-wed-24-april,Darrell Lea Milk Chocolate Liquorice Bullets,https://www.aldi.com.au/fileadmin/fm-dam/Products/Special_Buys/Special_Buys_2019/Week_17/WED/WK17_1x1_228x128_27.jpg,https://www.aldi.com.au/en/special-buys/special-buys-wed-24-april/wednesday-detail-wk17/ps/p/darrell-lea-milk-chocolate-liquorice-bullets/,$8.99
special-buys,special-buys-wed-24-april,"Allen’s Party Mix, Jelly Beans or Retro Party Mix Bags 1kg",https://www.aldi.com.au/fileadmin/fm-dam/Products/Special_Buys/Special_Buys_2019/Week_17/WED/WK17_1x1_228x128_28.jpg,https://www.aldi.com.au/en/special-buys/special-buys-wed-24-april/wednesday-detail-wk17/ps/p/allens-party-mix-jelly-beans-or-retro-party-mix-ba/,$8.99
special-buys,special-buys-wed-24-april,Tortilla Corn Chips 500g,https://www.aldi.com.au/fileadmin/fm-dam/Products/Special_Buys/Special_Buys_2019/Week_17/WED/WK17_1x1_228x128_29.jpg,https://www.aldi.com.au/en/special-buys/special-buys-wed-24-april/wednesday-detail-wk17/ps/p/tortilla-corn-chips-500g-1/,$3.99
special-buys,special-buys-wed-24-april,Salt or Pepper Bulk Refill Pack 380g/1kg,https://www.aldi.com.au/fileadmin/fm-dam/Products/Special_Buys/Special_Buys_2019/Week_17/WED/WK17_1x1_228x128_30.jpg,https://www.aldi.com.au/en/special-buys/special-buys-wed-24-april/wednesday-detail-wk17/ps/p/salt-or-pepper-bulk-refill-pack-380g1kg/,$2.99
special-buys,special-buys-wed-24-april,Assorted Spices 40g-350g,https://www.aldi.com.au/fileadmin/fm-dam/Products/Special_Buys/Special_Buys_2019/Week_17/WED/WK17_1x1_228x128_31.jpg,https://www.aldi.com.au/en/special-buys/special-buys-wed-24-april/wednesday-detail-wk17/ps/p/assorted-spices-40g-350g/,$4.99
special-buys,special-buys-wed-24-april,Flirt Blitz Mints Bulk Tub 400g,https://www.aldi.com.au/fileadmin/fm-dam/Products/Special_Buys/Special_Buys_2019/Week_17/WED/WK17_1x1_228x128_32.jpg,https://www.aldi.com.au/en/special-buys/special-buys-wed-24-april/wednesday-detail-wk17/ps/p/flirt-blitz-mints-bulk-tub-400g/,$7.99
special-buys,special-buys-wed-24-april,Ceramic Tower Fan Heater,https://www.aldi.com.au/fileadmin/fm-dam/Products/Special_Buys/Special_Buys_2019/Week_17/WED/WK17_1x1_228x128_1.jpg,https://www.aldi.com.au/en/special-buys/special-buys-wed-24-april/wednesday-detail-wk17/ps/p/ceramic-tower-fan-heater/,$59.99
groceries,skin-care,Essentials Purify Exfoliating Wash 150ml,https://www.aldi.com.au/fileadmin/fm-dam/Products/Groceries/skin_care/ALN1075_SKIN_CARE_UPDATE_1x1_228x128_6.jpg,https://www.aldi.com.au/en/groceries/skin-care/skin-care-detail/ps/p/lacura-essentials-bb-cream-spf-15-50ml/,$6.99
groceries,skin-care,LACURA,https://www.aldi.com.au/fileadmin/fm-dam/Products/Groceries/skin_care/ALP0614_WEB_AUDIT_2Q_LACURA_1x1_128x228_2.jpg,https://www.aldi.com.au/en/groceries/skin-care/skin-care-detail/ps/p/lacura-essentials-caring-cleansing-gel-150ml/,$3.69
groceries,skin-care,Essentials BB Cream SPF 15 50ml,https://www.aldi.com.au/fileadmin/fm-dam/Products/Groceries/skin_care/ALP0614_WEB_AUDIT_2Q_LACURA_1x1_128x228_3.jpg,https://www.aldi.com.au/en/groceries/skin-care/skin-care-detail/ps/p/lacura-essentials-fine-balance-foaming-cleansing-g/,$3.69
groceries,skin-care,LACURA,https://www.aldi.com.au/fileadmin/fm-dam/images/The_Block/Fuelling_the_Block_2016/ALC7782_THE_BLOCK_1x1_228x128_46.jpg,https://www.aldi.com.au/en/groceries/skin-care/skin-care-detail/ps/p/lacura-essentials-fine-balance-cleansing-wipes-30p/,$1.69
groceries,skin-care,Essentials Caring Cleansing Gel 150ml,https://www.aldi.com.au/fileadmin/fm-dam/images/The_Block/Fuelling_the_Block_2016/ALC7782_THE_BLOCK_1x1_228x128_47.jpg,https://www.aldi.com.au/en/groceries/skin-care/skin-care-detail/ps/p/lacura-essentials-caring-cleansing-wipes-30pk/,$1.69
groceries,skin-care,LACURA,https://www.aldi.com.au/fileadmin/fm-dam/Products/Groceries/skin_care/ALN1075_SKIN_CARE_UPDATE_1x1_228x128_9.jpg,https://www.aldi.com.au/en/groceries/skin-care/skin-care-detail/ps/p/lacura-essentials-make-up-rounds-80pk/,$1.39
groceries,skin-care,Essentials Fine Balance Foaming Cleansing Gel 150ml,https://www.aldi.com.au/fileadmin/fm-dam/Products/Groceries/skin_care/ALN1075_SKIN_CARE_UPDATE_1x1_228x128_10.jpg,https://www.aldi.com.au/en/groceries/skin-care/skin-care-detail/ps/p/lacura-essentials-cotton-tips-240pk/,99c
groceries,skin-care,LACURA,https://www.aldi.com.au/fileadmin/fm-dam/Products/Groceries/skin_care/ALN1075_SKIN_CARE_UPDATE_1x1_228x128_11.jpg,https://www.aldi.com.au/en/groceries/skin-care/skin-care-detail/ps/p/lacura-essentials-womens-comfort-touch-3-blade-dis/,$3.99
groceries,skin-care,Essentials Fine Balance Cleansing Wipes 30pk,https://www.aldi.com.au/fileadmin/fm-dam/Products/Groceries/skin_care/2019/ALN2147_Q4_SKIN-CARE_1x1_228x128_9.jpg,https://www.aldi.com.au/en/groceries/skin-care/skin-care-detail/ps/p/lacura-skin-science-renew-expert-double-effect-eye/,$9.99
groceries,skin-care,LACURA,https://www.aldi.com.au/fileadmin/fm-dam/Products/Groceries/skin_care/2019/ALN2147_Q4_SKIN-CARE_1x1_228x128_10.jpg,https://www.aldi.com.au/en/groceries/skin-care/skin-care-detail/ps/p/lacura-skin-science-renew-expert-wrinkle-smoother-1/,$9.99
special-buys,special-buys-sat-20-april,Men’s Socks 3pk,https://www.aldi.com.au/fileadmin/fm-dam/Products/Special_Buys/Special_Buys_2019/Week_16/SAT/WK16_1x1_228x128_61.jpg,https://www.aldi.com.au/en/special-buys/special-buys-sat-20-april/saturday-detail-wk16/ps/p/mens-socks-3pk-1/,$3.99
special-buys,special-buys-sat-20-april,Men’s Business Socks 3pk,https://www.aldi.com.au/fileadmin/fm-dam/Products/Special_Buys/Special_Buys_2019/Week_16/SAT/WK16_1x1_228x128_62.jpg,https://www.aldi.com.au/en/special-buys/special-buys-sat-20-april/saturday-detail-wk16/ps/p/mens-business-socks-3pk/,$3.99
special-buys,special-buys-sat-20-april,Inverter Plasma Cutter 35amp,https://www.aldi.com.au/fileadmin/fm-dam/Products/Special_Buys/Special_Buys_2019/Week_16/SAT/WK16_1x1_228x128_63.jpg,https://www.aldi.com.au/en/special-buys/special-buys-sat-20-april/saturday-detail-wk16/ps/p/inverter-plasma-cutter-35amp/,$299$49.
special-buys,special-buys-sat-20-april,Retractable Air Hose Reel,https://www.aldi.com.au/fileadmin/fm-dam/Products/Special_Buys/Special_Buys_2019/Week_16/SAT/WK16_1x1_228x128_64.jpg,https://www.aldi.com.au/en/special-buys/special-buys-sat-20-april/saturday-detail-wk16/ps/p/retractable-air-hose-reel-1/,99$129
special-buys,special-buys-sat-20-april,2.0HP Air Compressor 50L,https://www.aldi.com.au/fileadmin/fm-dam/Products/Special_Buys/Special_Buys_2019/Week_16/SAT/WK16_1x1_228x128_65.jpg,https://www.aldi.com.au/en/special-buys/special-buys-sat-20-april/saturday-detail-wk16/ps/p/20hp-air-compressor-50l/,$19.99
special-buys,special-buys-sat-20-april,Air Spray Gun,https://www.aldi.com.au/fileadmin/fm-dam/Products/Special_Buys/Special_Buys_2019/Week_16/SAT/WK16_1x1_228x128_66.jpg,https://www.aldi.com.au/en/special-buys/special-buys-sat-20-april/saturday-detail-wk16/ps/p/air-spray-gun/,$14.99
special-buys,special-buys-sat-20-april,Air Inflator Kits,https://www.aldi.com.au/fileadmin/fm-dam/Products/Special_Buys/Special_Buys_2019/Week_16/SAT/WK16_1x1_228x128_67.jpg,https://www.aldi.com.au/en/special-buys/special-buys-sat-20-april/saturday-detail-wk16/ps/p/air-inflator-kits-1/,$14.99
special-buys,special-buys-sat-20-april,"Air Cut-Off Tool, Air Die Grinder or Air Chisel",https://www.aldi.com.au/fileadmin/fm-dam/Products/Special_Buys/Special_Buys_2019/Week_16/SAT/WK16_1x1_228x128_68.jpg,https://www.aldi.com.au/en/special-buys/special-buys-sat-20-april/saturday-detail-wk16/ps/p/air-cut-off-tool-air-die-grinder-or-air-chisel-1/,$29.99
groceries,super-savers,Brannans Butchery Beef Meatballs with Fresh Tomatoes 600g,https://www.aldi.com.au/fileadmin/fm-dam/Products/Groceries/Super_Savers/2019/Produce/Weekly/WK17/W17_SUPER_SAVERS_MEAT_1x1_2.jpg,https://www.aldi.com.au/en/groceries/super-savers/super-savers-detail/ps/p/brannans-butchery-beef-meatballs-with-fresh-tomato/,$6.99
groceries,super-savers,Almare Australian Medium Tiger Prawns 750g,https://www.aldi.com.au/fileadmin/fm-dam/Products/Groceries/Super_Savers/2019/Produce/Weekly/WK17/W17_SUPER_SAVERS_MEAT_1x1_3.jpg,https://www.aldi.com.au/en/groceries/super-savers/super-savers-detail/ps/p/almare-australian-medium-tiger-prawns-750g/,$19.99
groceries,super-savers,Broad Oak Farms Trimmed Chicken Leg Fillet per kg,https://www.aldi.com.au/fileadmin/fm-dam/Products/Groceries/Super_Savers/2019/Produce/Weekly/WK17/W17_SUPER_SAVERS_MEAT_1x1_4.jpg,https://www.aldi.com.au/en/groceries/super-savers/super-savers-detail/ps/p/broad-oak-farms-trimmed-chicken-leg-fillet-per-kg/,$7.99
groceries,super-savers,Bakers Life Bagels 4pk/396g,https://www.aldi.com.au/fileadmin/fm-dam/Products/Groceries/Super_Savers/2019/Produce/Weekly/WK17/WK17_Additions/ALN2218_SUPER_SAVERS_1x1_228x128_11.jpg,https://www.aldi.com.au/en/groceries/super-savers/super-savers-detail/ps/p/bakers-life-bagels-4pk396g/,$2.49
groceries,super-savers,Urban Eats Prawn Hargow 700g,https://www.aldi.com.au/fileadmin/fm-dam/Products/Groceries/Super_Savers/2019/Produce/Weekly/WK17/WK17_Additions/ALN2218_SUPER_SAVERS_1x1_228x128_12.jpg,https://www.aldi.com.au/en/groceries/super-savers/super-savers-detail/ps/p/urban-eats-prawn-hargow-700g/,$7.99
groceries,super-savers,Flirt Blitz Chewy Mints 40g,https://www.aldi.com.au/fileadmin/fm-dam/Products/Groceries/Super_Savers/2019/Produce/Weekly/WK17/WK17_Additions/ALN2218_SUPER_SAVERS_1x1_228x128_13.jpg,https://www.aldi.com.au/en/groceries/super-savers/super-savers-detail/ps/p/flirt-blitz-chewy-mints-40g/,99c
groceries,super-savers,Mamia Organic Baby Food 120g,https://www.aldi.com.au/fileadmin/fm-dam/Products/Groceries/Super_Savers/2019/Produce/Weekly/WK17/WK17_Additions/ALN2218_SUPER_SAVERS_1x1_228x128_14.jpg,https://www.aldi.com.au/en/groceries/super-savers/super-savers-detail/ps/p/mamia-organic-baby-food-120g/,99c
groceries,super-savers,Ironbark Boneless Pork Leg per kg,https://www.aldi.com.au/fileadmin/fm-dam/Products/Groceries/Super_Savers/2019/Produce/Weekly/WK17/WK17_Additions/ALN2218_SUPER_SAVERS_1x1_228x128_15.jpg,https://www.aldi.com.au/en/groceries/super-savers/super-savers-detail/ps/p/ironbark-boneless-pork-leg-per-kg-1/,$5.99
groceries,laundry,Trimat Advanced Laundry Liquid Sensitive 1L,https://www.aldi.com.au/fileadmin/fm-dam/Products/Groceries/laundry/2018/Update/ALN1726-8_1x1_LAUNDRY_228x128_2.jpg,https://www.aldi.com.au/en/groceries/laundry/laundry-detail/ps/p/trimat-advanced-laundry-liquid-sensitive-1l/,$3.99
groceries,laundry,Trimat Advanced Laundry Powder Concentrate Regular    1.5kg,https://www.aldi.com.au/fileadmin/fm-dam/Products/Groceries/laundry/2018/Update/ALN1726-8_1x1_LAUNDRY_228x128_3.jpg,https://www.aldi.com.au/en/groceries/laundry/laundry-detail/ps/p/trimat-advanced-laundry-powder-concentrate-regular/,$5.69
groceries,laundry,Trimat Advanced Laundry Powder Concentrate Colour Care 1.5kg,https://www.aldi.com.au/fileadmin/fm-dam/Products/Groceries/laundry/2018/Update/ALN1726-8_1x1_LAUNDRY_228x128_4.jpg,https://www.aldi.com.au/en/groceries/laundry/laundry-detail/ps/p/trimat-advanced-laundry-powder-concentrate-colour/,$5.69
groceries,laundry,Trimat Advanced Laundry Powder Concentrate Sensitive 1.5kg,https://www.aldi.com.au/fileadmin/fm-dam/Products/Groceries/laundry/2018/Update/ALN1726-8_1x1_LAUNDRY_228x128_5.jpg,https://www.aldi.com.au/en/groceries/laundry/laundry-detail/ps/p/trimat-advanced-laundry-powder-concentrate-sensiti/,$5.69
groceries,laundry,Almat Laundry Powder Concentrate 2kg,https://www.aldi.com.au/fileadmin/fm-dam/Products/Groceries/laundry/2018/Update/ALN1726-8_1x1_LAUNDRY_228x128_6.jpg,https://www.aldi.com.au/en/groceries/laundry/laundry-detail/ps/p/almat-laundry-powder-concentrate-2kg-1/,$4.99
groceries,laundry,Almat Laundry Liquid Concentrate 2L,https://www.aldi.com.au/fileadmin/fm-dam/Products/Groceries/laundry/2018/Update/ALN1726-8_1x1_LAUNDRY_228x128_7.jpg,https://www.aldi.com.au/en/groceries/laundry/laundry-detail/ps/p/almat-laundry-liquid-concentrate-2l/,$4.99
groceries,laundry,Almat Laundry Powder Concentrate 4kg,https://www.aldi.com.au/fileadmin/fm-dam/Products/Groceries/laundry/2018/Update/ALN1726-8_1x1_LAUNDRY_228x128_10.jpg,https://www.aldi.com.au/en/groceries/laundry/laundry-detail/ps/p/almat-laundry-powder-concentrate-4kg-2/,$9.69
groceries,laundry,Di San In Wash Gel Stain Remover 1L,https://www.aldi.com.au/fileadmin/fm-dam/Products/Groceries/laundry/2018/Update/ALN1726-8_1x1_LAUNDRY_228x128_13.jpg,https://www.aldi.com.au/en/groceries/laundry/laundry-detail/ps/p/di-san-in-wash-gel-stain-remover-1l/,$3.69
groceries,laundry,Di San Laundry Sanitiser 1L,https://www.aldi.com.au/fileadmin/fm-dam/Products/Groceries/laundry/2018/Update/ALN1726-8_1x1_LAUNDRY_228x128_14.jpg,https://www.aldi.com.au/en/groceries/laundry/laundry-detail/ps/p/di-san-laundry-sanitiser-1l/,$3.69
groceries,laundry,Di San Pre Wash Stain Remover 500ml - Degreaser,https://www.aldi.com.au/fileadmin/fm-dam/Products/Groceries/laundry/2018/Update/ALN1726-8_1x1_LAUNDRY_228x128_17.jpg,https://www.aldi.com.au/en/groceries/laundry/laundry-detail/ps/p/di-san-pre-wash-stain-remover-500ml-degreaser/,$1.25
groceries,laundry,Anco Soft Fabric Softener 4x Concentrate 1L,https://www.aldi.com.au/fileadmin/fm-dam/Products/Groceries/laundry/2019/ALN2147_Q4_LAUNDRY_1x1_228x128_.jpg,https://www.aldi.com.au/en/groceries/laundry/laundry-detail/ps/p/anco-soft-fabric-softener-4x-concentrate-1l/,$3.49
groceries,laundry,Anco Soft Fabric Softener Concentrate 250ml,https://www.aldi.com.au/fileadmin/fm-dam/Products/Groceries/laundry/2019/ALN2147_Q4_LAUNDRY_1x1_228x128_2.jpg,https://www.aldi.com.au/en/groceries/laundry/laundry-detail/ps/p/anco-soft-fabric-softener-concentrate-250ml/,99c
groceries,laundry,Anco Soft Fabric Softener 2L,https://www.aldi.com.au/fileadmin/fm-dam/Products/Groceries/laundry/2018/Update/ALN1726-8_1x1_LAUNDRY_228x128_25.jpg,https://www.aldi.com.au/en/groceries/laundry/laundry-detail/ps/p/anco-soft-fabric-softener-2l/,$2.79
special-buys,special-buys-wed-24-april,Oscillating Ceramic Fan Heater,https://www.aldi.com.au/fileadmin/fm-dam/Products/Special_Buys/Special_Buys_2019/Week_17/WED/WK17_1x1_228x128_2.jpg,https://www.aldi.com.au/en/special-buys/special-buys-wed-24-april/wednesday-detail-wk17/ps/p/oscillating-ceramic-fan-heater-2/,$29.99
special-buys,special-buys-wed-24-april,7 Fin Oil Heater,https://www.aldi.com.au/fileadmin/fm-dam/Products/Special_Buys/Special_Buys_2019/Week_17/WED/WK17_1x1_228x128_3.jpg,https://www.aldi.com.au/en/special-buys/special-buys-wed-24-april/wednesday-detail-wk17/ps/p/7-fin-oil-heater-1/,$49.99
special-buys,special-buys-wed-24-april,Eco Panel Convection Heater,https://www.aldi.com.au/fileadmin/fm-dam/Products/Special_Buys/Special_Buys_2019/Week_17/WED/WK17_1x1_228x128_4.jpg,https://www.aldi.com.au/en/special-buys/special-buys-wed-24-april/wednesday-detail-wk17/ps/p/eco-panel-convection-heater/,$49.99
special-buys,special-buys-wed-24-april,Convection Heater,https://www.aldi.com.au/fileadmin/fm-dam/Products/Special_Buys/Special_Buys_2019/Week_17/WED/WK17_1x1_228x128_5.jpg,https://www.aldi.com.au/en/special-buys/special-buys-wed-24-april/wednesday-detail-wk17/ps/p/convection-heater-5/,$59.99
special-buys,special-buys-wed-24-april,Women’s Fitness Tank,https://www.aldi.com.au/fileadmin/fm-dam/Products/Special_Buys/Special_Buys_2019/Week_17/WED/WK17_1x1_228x128_6.jpg,https://www.aldi.com.au/en/special-buys/special-buys-wed-24-april/wednesday-detail-wk17/ps/p/womens-fitness-tank/,$7.99
special-buys,special-buys-wed-24-april,Women’s Fitness Tee,https://www.aldi.com.au/fileadmin/fm-dam/Products/Special_Buys/Special_Buys_2019/Week_17/WED/WK17_1x1_228x128_7.jpg,https://www.aldi.com.au/en/special-buys/special-buys-wed-24-april/wednesday-detail-wk17/ps/p/womens-fitness-tee/,$7.99
special-buys,special-buys-wed-24-april,Women’s Fitness Hoodie,https://www.aldi.com.au/fileadmin/fm-dam/Products/Special_Buys/Special_Buys_2019/Week_17/WED/WK17_1x1_228x128_8.jpg,https://www.aldi.com.au/en/special-buys/special-buys-wed-24-april/wednesday-detail-wk17/ps/p/womens-fitness-hoodie/,$14.99
special-buys,special-buys-wed-24-april,Women’s Fitness Tights,https://www.aldi.com.au/fileadmin/fm-dam/Products/Special_Buys/Special_Buys_2019/Week_17/WED/WK17_1x1_228x128_9.jpg,https://www.aldi.com.au/en/special-buys/special-buys-wed-24-april/wednesday-detail-wk17/ps/p/womens-fitness-tights/,$14.99
special-buys,special-buys-wed-24-april,Women’s Fitness Track Pant,https://www.aldi.com.au/fileadmin/fm-dam/Products/Special_Buys/Special_Buys_2019/Week_17/WED/WK17_1x1_228x128_10.jpg,https://www.aldi.com.au/en/special-buys/special-buys-wed-24-april/wednesday-detail-wk17/ps/p/womens-fitness-track-pant/,$12.99
groceries,gluten-free,Gluten Free Penne 500g,https://www.aldi.com.au/fileadmin/fm-dam/Products/Groceries/has_no/2019/ALN2147_Q4_GLUTEN-FREE_1x1_228x128_4.jpg,https://www.aldi.com.au/en/groceries/gluten-free/has-no-detail/ps/p/gluten-free-penne-500g/,$2.79
groceries,coffee,EXPRESSI Multi Beverage Capsule Machine -Titanium,https://www.aldi.com.au/fileadmin/fm-dam/Products/Groceries/coffee/Expressi_New_Machine/ALC7500_1x1_228x128_R_.jpg,https://www.aldi.com.au/en/groceries/coffee/coffee-detail/ps/p/expressi-multi-beverage-capsule-machine-titanium/,$79.99
groceries,chocolate,Choceur Coffee & Cream Block Chocolate 200g,https://www.aldi.com.au/fileadmin/fm-dam/Products/Groceries/chocolate/ALN1075_1x1_CHOCOLATE_228x128_3.jpg,https://www.aldi.com.au/en/groceries/chocolate/chocolate-detail/ps/p/choceur-coffee-cream-block-chocolate-200g/,$2.69
groceries,skin-care,Essentials Caring Cleansing Wipes 30pk,https://www.aldi.com.au/fileadmin/fm-dam/Products/Groceries/skin_care/2019/ALN2147_Q4_SKIN-CARE_1x1_228x128_.jpg,https://www.aldi.com.au/en/groceries/skin-care/skin-care-detail/ps/p/lacura-skin-science-renew-day-cream-spf-15-50ml/,$6.99
groceries,skin-care,LACURA,https://www.aldi.com.au/fileadmin/fm-dam/Products/Groceries/skin_care/2019/ALN2147_Q4_SKIN-CARE_1x1_228x128_4.jpg,https://www.aldi.com.au/en/groceries/skin-care/skin-care-detail/ps/p/lacura-skin-science-renew-night-cream-50ml/,$6.99
groceries,skin-care,Essentials Make Up Rounds 80pk,https://www.aldi.com.au/fileadmin/fm-dam/Products/Groceries/skin_care/2019/ALN2147_Q4_SKIN-CARE_1x1_228x128_5.jpg,https://www.aldi.com.au/en/groceries/skin-care/skin-care-detail/ps/p/lacura-skin-science-renew-serum-50ml/,$6.99
groceries,skin-care,LACURA,https://www.aldi.com.au/fileadmin/fm-dam/Products/Groceries/skin_care/2019/ALN2147_Q4_SKIN-CARE_1x1_228x128_2.jpg,https://www.aldi.com.au/en/groceries/skin-care/skin-care-detail/ps/p/lacura-renew-expert-dlacura-skin-science-renew-exp/,$9.99
groceries,skin-care,Essentials Cotton Tips 240pk,https://www.aldi.com.au/fileadmin/fm-dam/Products/Groceries/skin_care/2019/ALN2147_Q4_SKIN-CARE_1x1_228x128_3.jpg,https://www.aldi.com.au/en/groceries/skin-care/skin-care-detail/ps/p/lacura-skin-science-renew-expert-night-cream-spf-1/,$9.99
groceries,skin-care,LACURA,https://www.aldi.com.au/fileadmin/fm-dam/images/The_Block/Fuelling_the_Block_2016/ALC7782_THE_BLOCK_1x1_228x128_49.jpg,https://www.aldi.com.au/en/groceries/skin-care/skin-care-detail/ps/p/lacura-essentials-renew-cleansing-wipes-30pk/,$1.69
groceries,skin-care,Essentials Women's Comfort Touch 3 Blade Disposable Razors 8pk,https://www.aldi.com.au/fileadmin/fm-dam/Products/Groceries/skin_care/ALC7858_LACURA_UPDATES_1x1_228x128_4.jpg,https://www.aldi.com.au/en/groceries/skin-care/skin-care-detail/ps/p/lacura-skin-science-revive-hyaluronic-gel-30ml/,$9.99
groceries,skin-care,LACURA,https://www.aldi.com.au/fileadmin/fm-dam/Products/Groceries/skin_care/ALC7858_LACURA_UPDATES_1x1_228x128_3.jpg,https://www.aldi.com.au/en/groceries/skin-care/skin-care-detail/ps/p/lacura-skin-science-revive-night-elixir-30ml/,$9.99
groceries,skin-care,Skin Science Renew Expert Double Effect Eye Gel 15ml,https://www.aldi.com.au/fileadmin/fm-dam/Products/Groceries/skin_care/ALN1075_SKIN_CARE_UPDATE_1x1_228x128_42.jpg,https://www.aldi.com.au/en/groceries/skin-care/skin-care-detail/ps/p/lacura-skin-science-revive-moisture-boost-15ml/,$9.99
groceries,skin-care,LACURA,https://www.aldi.com.au/fileadmin/fm-dam/Products/Groceries/skin_care/2019/ALN2147_Q4_SKIN-CARE_1x1_228x128_11R.jpg,https://www.aldi.com.au/en/groceries/skin-care/skin-care-detail/ps/p/lacura-skin-science-revitalise-expert-day-cream-50/,$9.99
groceries,skin-care,Skin Science Renew Expert Wrinkle Smoother 15ml,https://www.aldi.com.au/fileadmin/fm-dam/Products/Groceries/skin_care/2019/ALN2147_Q4_SKIN-CARE_1x1_228x128_12.jpg,https://www.aldi.com.au/en/groceries/skin-care/skin-care-detail/ps/p/lacura-skin-science-revitalise-expert-neck-dcollet/,$9.99
groceries,skin-care,LACURA,https://www.aldi.com.au/fileadmin/fm-dam/Products/Groceries/skin_care/2019/ALN2147_Q4_SKIN-CARE_1x1_228x128_13.jpg,https://www.aldi.com.au/en/groceries/skin-care/skin-care-detail/ps/p/lacura-skin-science-revitalise-expert-eye-cream-15/,$9.99
groceries,skin-care,Skin Science Renew Day Cream SPF 15 50ml,https://www.aldi.com.au/fileadmin/fm-dam/Products/Groceries/skin_care/2019/ALN2147_Q4_SKIN-CARE_1x1_228x128_6.jpg,https://www.aldi.com.au/en/groceries/skin-care/skin-care-detail/ps/p/lacura-skin-science-revitalise-day-cream-with-soy/,$6.99
groceries,skin-care,LACURA,https://www.aldi.com.au/fileadmin/fm-dam/Products/Groceries/skin_care/2019/ALN2147_Q4_SKIN-CARE_1x1_228x128_8.jpg,https://www.aldi.com.au/en/groceries/skin-care/skin-care-detail/ps/p/lacura-skin-science-revitalise-night-cream-with-so/,$6.99
groceries,skin-care,Skin Science Renew Night Cream 50ml,https://www.aldi.com.au/fileadmin/fm-dam/Products/Groceries/skin_care/2019/ALN2147_Q4_SKIN-CARE_1x1_228x128_7.jpg,https://www.aldi.com.au/en/groceries/skin-care/skin-care-detail/ps/p/lacura-skin-science-revitalise-multi-intensive-ser/,$6.99
groceries,baby-care,Mamia Unisex Newborn Nappies - Up to 5kg 28pk,https://www.aldi.com.au/fileadmin/fm-dam/Products/Groceries/baby_care/2019/ALN2147_1x1_BABYCARE_228x128_5.jpg,https://www.aldi.com.au/en/groceries/baby-care/baby-care-detail/ps/p/mamia-unisex-newborn-nappies-up-to-5kg-28pk-1/,$3.99
groceries,super-savers,Stonemill Minced Garlic 250g,https://www.aldi.com.au/fileadmin/fm-dam/Products/Groceries/Super_Savers/2019/Produce/Q2_Price/ALN2218_SUPER_SAVERS_1x1_228x128_.jpg,https://www.aldi.com.au/en/groceries/super-savers/super-savers-detail/ps/p/stonemill-minced-garlic-250g/,99c
groceries,super-savers,Broad Oak Farms Chicken Mince 500g,https://www.aldi.com.au/fileadmin/fm-dam/Products/Groceries/Super_Savers/2019/Produce/Q2_Price/ALN2218_SUPER_SAVERS_1x1_228x128_2.jpg,https://www.aldi.com.au/en/groceries/super-savers/super-savers-detail/ps/p/broad-oaks-farms-chicken-mince-500g/,$3.99
groceries,super-savers,Almare Hot Smoked Salmon Fillets 150g,https://www.aldi.com.au/fileadmin/fm-dam/Products/Groceries/Super_Savers/2019/Produce/Q2_Price/ALN2218_SUPER_SAVERS_1x1_228x128_3.jpg,https://www.aldi.com.au/en/groceries/super-savers/super-savers-detail/ps/p/almare-hot-smoked-salmon-fillets-150g/,$4.99
groceries,super-savers,Specially Selected Smoked Rainbow Trout 110g,https://www.aldi.com.au/fileadmin/fm-dam/Products/Groceries/Super_Savers/2019/Produce/Q2_Price/ALN2218_SUPER_SAVERS_1x1_228x128_4.jpg,https://www.aldi.com.au/en/groceries/super-savers/super-savers-detail/ps/p/specially-selected-smoked-rainbow-trout-110g/,$2.49
groceries,super-savers,Ocean Rise Herring Fillets 200g,https://www.aldi.com.au/fileadmin/fm-dam/Products/Groceries/Super_Savers/2019/Produce/Q2_Price/ALN2218_SUPER_SAVERS_1x1_228x128_5.jpg,https://www.aldi.com.au/en/groceries/super-savers/super-savers-detail/ps/p/ocean-rise-herring-fillets-200g/,99c
groceries,super-savers,Ocean Rise Anchovy Fillets 100g,https://www.aldi.com.au/fileadmin/fm-dam/Products/Groceries/Super_Savers/2019/Produce/Q2_Price/ALN2218_SUPER_SAVERS_1x1_228x128_6.jpg,https://www.aldi.com.au/en/groceries/super-savers/super-savers-detail/ps/p/ocean-rise-anchovy-fillets-100g/,$2.49
groceries,super-savers,Ocean Rise Brisling Sardines,https://www.aldi.com.au/fileadmin/fm-dam/Products/Groceries/Super_Savers/2019/Produce/Q2_Price/ALN2218_SUPER_SAVERS_1x1_228x128_7.jpg,https://www.aldi.com.au/en/groceries/super-savers/super-savers-detail/ps/p/ocean-rise-brisling-sardines/,99c
groceries,super-savers,Westcliff Cranberry Fruit Drink 1.5L,https://www.aldi.com.au/fileadmin/fm-dam/Products/Groceries/Super_Savers/2019/Produce/Q2_Price/ALN2218_SUPER_SAVERS_1x1_228x128_8.jpg,https://www.aldi.com.au/en/groceries/super-savers/super-savers-detail/ps/p/westcliff-cranberry-fruit-drink-15l/,$2.19
groceries,super-savers,Bakers Life Croissants 3pk/189g,https://www.aldi.com.au/fileadmin/fm-dam/Products/Groceries/Super_Savers/2019/Produce/Q1_Price_Batch_4/ALN2009_Q1_PRICE_SUPER_SAVERS_1x1_228x128-BATCH4_1.jpg,https://www.aldi.com.au/en/groceries/super-savers/super-savers-detail/ps/p/bakers-life-croissants-3pk189g-1/,$1.49
groceries,super-savers,Dentitex Sensitive Plus Whitening Toothpaste 110g,https://www.aldi.com.au/fileadmin/fm-dam/Products/Groceries/Super_Savers/2019/Produce/Q1_Price_Batch_4/ALN2009_Q1_PRICE_SUPER_SAVERS_1x1_228x128-BATCH4_19.jpg,https://www.aldi.com.au/en/groceries/super-savers/super-savers-detail/ps/p/dentitex-sensitive-plus-whitening-toothpaste-110g-1/,$1.99
groceries,super-savers,Dentitex Interdental Toothbrush Soft or Medium 2pk,https://www.aldi.com.au/fileadmin/fm-dam/Products/Groceries/Super_Savers/2019/Produce/Q1_Price_Batch_4/ALN2009_Q1_PRICE_SUPER_SAVERS_1x1_228x128-BATCH4_20.jpg,https://www.aldi.com.au/en/groceries/super-savers/super-savers-detail/ps/p/dentitex-interdental-toothbrush-soft-or-medium-2pk/,99c
groceries,super-savers,Dentitex Advanced Whitening Toothpaste 140g,https://www.aldi.com.au/fileadmin/fm-dam/Products/Groceries/Super_Savers/2019/Produce/Q1_Price_Batch_4/ALN2009_Q1_PRICE_SUPER_SAVERS_1x1_228x128-BATCH4_21.jpg,https://www.aldi.com.au/en/groceries/super-savers/super-savers-detail/ps/p/dentitex-advanced-whitening-toothpaste-140g-1/,99c
groceries,laundry,Green Action Laundry Liquid 1L,https://www.aldi.com.au/fileadmin/fm-dam/Products/Groceries/laundry/2018/Update/ALN1726-8_1x1_LAUNDRY_228x128_29.jpg,https://www.aldi.com.au/en/groceries/laundry/laundry-detail/ps/p/green-action-laundry-liquid-1l/,$1.79
groceries,laundry,Green Action Wool Wash 1L,https://www.aldi.com.au/fileadmin/fm-dam/Products/Groceries/laundry/2018/Update/ALN1726-8_1x1_LAUNDRY_228x128_30.jpg,https://www.aldi.com.au/en/groceries/laundry/laundry-detail/ps/p/green-action-wool-wash-1l/,$1.79
groceries,laundry,Laundrite Laundry Liquid 2L,https://www.aldi.com.au/fileadmin/fm-dam/Products/Groceries/laundry/2018/Update/ALN1726-8_1x1_LAUNDRY_228x128_31.jpg,https://www.aldi.com.au/en/groceries/laundry/laundry-detail/ps/p/laundrite-laundry-liquid-2l-1/,$1.49
groceries,laundry,Laundrite Laundry Powder 4kg,https://www.aldi.com.au/fileadmin/fm-dam/Products/Groceries/laundry/2018/Update/ALN1726-8_1x1_LAUNDRY_228x128_32.jpg,https://www.aldi.com.au/en/groceries/laundry/laundry-detail/ps/p/laundrite-laundry-powder-4kg/,$3.69
special-buys,special-buys-wed-24-april,Women’s Fitness Joggers,https://www.aldi.com.au/fileadmin/fm-dam/Products/Special_Buys/Special_Buys_2019/Week_17/WED/WK17_1x1_228x128_11.jpg,https://www.aldi.com.au/en/special-buys/special-buys-wed-24-april/wednesday-detail-wk17/ps/p/womens-fitness-joggers/,$19.99
special-buys,special-buys-wed-24-april,Women’s Fitness Socks 3pk,https://www.aldi.com.au/fileadmin/fm-dam/Products/Special_Buys/Special_Buys_2019/Week_17/WED/WK17_1x1_228x128_12.jpg,https://www.aldi.com.au/en/special-buys/special-buys-wed-24-april/wednesday-detail-wk17/ps/p/womens-fitness-socks-3pk-1/,$5.99
groceries,gluten-free,Gluten Free ANZAC Biscuit 180g,https://www.aldi.com.au/fileadmin/fm-dam/Products/Groceries/has_no/2019/ALN2147_Q4_GLUTEN-FREE_1x1_228x128_7.jpg,https://www.aldi.com.au/en/groceries/gluten-free/has-no-detail/ps/p/gluten-free-anzac-biscuit-180g/,$2.79
groceries,gluten-free,Gluten Free Corn Flakes 375g,https://www.aldi.com.au/fileadmin/fm-dam/Products/Groceries/has_no/ALN1075_1x1_GF_228x128_.jpg,https://www.aldi.com.au/en/groceries/gluten-free/has-no-detail/ps/p/has-no-cornflakes-375g/,$2.29
groceries,coffee,EXPRESSI Multi Beverage Capsule Machine - White,https://www.aldi.com.au/fileadmin/fm-dam/Products/Groceries/coffee/Expressi_New_Machine/ALC7500_1x1_228x128_R_2.jpg,https://www.aldi.com.au/en/groceries/coffee/coffee-detail/ps/p/expressi-multi-beverage-capsule-machine-white/,$79.99
groceries,coffee,EXPRESSI Milk Frother,https://www.aldi.com.au/fileadmin/fm-dam/Products/Groceries/coffee/ALC7235_1x1_228x128_9.jpg,https://www.aldi.com.au/en/groceries/coffee/coffee-detail/ps/p/expressi-milk-frother/,$28.99
groceries,coffee,Expressi Organic,https://www.aldi.com.au/fileadmin/fm-dam/Products/Groceries/coffee/Expressi_Capsules/ALN1723_1x1_228x128.jpg,https://www.aldi.com.au/en/groceries/coffee/coffee-detail/ps/p/expressi-organic/,$5.99
groceries,coffee,Expressi Calabrese,https://www.aldi.com.au/fileadmin/fm-dam/Products/Groceries/coffee/Expressi_2019/Expressi_Capsules_Update/ALN2147_Q4_COFFEE_1x1_228x128_11.jpg,https://www.aldi.com.au/en/groceries/coffee/coffee-detail/ps/p/expressi-calabrese/,$5.99
groceries,coffee,Expressi Abruzzo,https://www.aldi.com.au/fileadmin/fm-dam/Products/Groceries/coffee/Expressi_2019/Expressi_Capsules_Update/ALN2147_Q4_COFFEE_1x1_228x128_10.jpg,https://www.aldi.com.au/en/groceries/coffee/coffee-detail/ps/p/expressi-abruzzo/,$5.99
groceries,coffee,Expressi La Spezia,https://www.aldi.com.au/fileadmin/fm-dam/Products/Groceries/coffee/Expressi_2019/Expressi_Capsules_Update/ALN2147_Q4_COFFEE_1x1_228x128_9.jpg,https://www.aldi.com.au/en/groceries/coffee/coffee-detail/ps/p/expressi-la-spezia/,$5.99
groceries,coffee,Expressi Torino,https://www.aldi.com.au/fileadmin/fm-dam/Products/Groceries/coffee/Expressi_2019/Expressi_Capsules_Update/ALN2147_Q4_COFFEE_1x1_228x128_8.jpg,https://www.aldi.com.au/en/groceries/coffee/coffee-detail/ps/p/expressi-torino/,$5.99
groceries,coffee,Expressi Milano,https://www.aldi.com.au/fileadmin/fm-dam/Products/Groceries/coffee/Expressi_2019/Expressi_Capsules_Update/ALN2147_Q4_COFFEE_1x1_228x128_7.jpg,https://www.aldi.com.au/en/groceries/coffee/coffee-detail/ps/p/expressi-milano/,$5.99
groceries,coffee,Expressi Reggio,https://www.aldi.com.au/fileadmin/fm-dam/Products/Groceries/coffee/Expressi_2019/Expressi_Capsules_Update/ALN2147_Q4_COFFEE_1x1_228x128_6.jpg,https://www.aldi.com.au/en/groceries/coffee/coffee-detail/ps/p/expressi-reggio/,$5.99
groceries,coffee,Expressi Renzo,https://www.aldi.com.au/fileadmin/fm-dam/Products/Groceries/coffee/Expressi_2019/Expressi_Capsules_Update/ALN2147_Q4_COFFEE_1x1_228x128_5.jpg,https://www.aldi.com.au/en/groceries/coffee/coffee-detail/ps/p/expressi-renzo/,$5.99
groceries,chocolate,Choceur Milk Hazelnut Block Chocolate 200g,https://www.aldi.com.au/fileadmin/fm-dam/Products/Groceries/chocolate/ALN1075_1x1_CHOCOLATE_228x128_.jpg,https://www.aldi.com.au/en/groceries/chocolate/chocolate-detail/ps/p/choceur-milk-hazelnut-block-chocolate-200g/,$2.69
groceries,chocolate,Choceur Dark Hazelnut Block Chocolate 200g,https://www.aldi.com.au/fileadmin/fm-dam/Products/Groceries/chocolate/2016_Chocolate_Products/ALC7929_Choceur_Range_1x1_228x128_2.jpg,https://www.aldi.com.au/en/groceries/chocolate/chocolate-detail/ps/p/dark-hazelnut-block-chocolate-200g/,$2.69
groceries,chocolate,Choceur Fruit & Nut Block Chocolate 200g,https://www.aldi.com.au/fileadmin/fm-dam/Products/Groceries/chocolate/2016_Chocolate_Products/ALC7929_Choceur_Range_1x1_228x128_4.jpg,https://www.aldi.com.au/en/groceries/chocolate/chocolate-detail/ps/p/fruit-nut-block-chocolate-200g/,$2.69
groceries,chocolate,Choceur White Block Chocolate 200g,https://www.aldi.com.au/fileadmin/fm-dam/Products/Groceries/chocolate/2016_Chocolate_Products/ALC7929_Choceur_Range_1x1_228x128_7.jpg,https://www.aldi.com.au/en/groceries/chocolate/chocolate-detail/ps/p/white-block-chocolate-200g/,$2.69
groceries,chocolate,Rum Raisin & Nut Block Chocolate 200g,https://www.aldi.com.au/fileadmin/fm-dam/Products/Groceries/chocolate/2016_Chocolate_Products/ALC7929_Choceur_Range_1x1_228x128_5.jpg,https://www.aldi.com.au/en/groceries/chocolate/chocolate-detail/ps/p/rum-raisin-nut-block-chocolate-200g/,$2.69
groceries,chocolate,Choceur Milk Block Chocolate 200g,https://www.aldi.com.au/fileadmin/fm-dam/Products/Groceries/chocolate/2016_Chocolate_Products/ALC7929_Choceur_Range_1x1_228x128_16.jpg,https://www.aldi.com.au/en/groceries/chocolate/chocolate-detail/ps/p/choceur-milk-block-chocolate-200g/,$2.69
groceries,chocolate,Choceur Dark Block Chocolate 200g,https://www.aldi.com.au/fileadmin/fm-dam/Products/Groceries/chocolate/2016_Chocolate_Products/ALC7929_Choceur_Range_1x1_228x128_15.jpg,https://www.aldi.com.au/en/groceries/chocolate/chocolate-detail/ps/p/choceur-dark-block-chocolate-200g/,$2.69
groceries,chocolate,Choceur Milk Almond Block Chocolate 200g,https://www.aldi.com.au/fileadmin/fm-dam/Products/Groceries/chocolate/2016_Chocolate_Products/ALC7929_Choceur_Range_1x1_228x128_.jpg,https://www.aldi.com.au/en/groceries/chocolate/chocolate-detail/ps/p/choceur-milk-almond-block-chocolate-200g/,$2.69
groceries,chocolate,Choceur Dark Almond Block Chocolate 200g,https://www.aldi.com.au/fileadmin/fm-dam/Products/Groceries/chocolate/ALN1075_1x1_CHOCOLATE_228x128_9.jpg,https://www.aldi.com.au/en/groceries/chocolate/chocolate-detail/ps/p/choceur-dark-almond-block-chocolate-200g/,$2.69
groceries,skin-care,LACURA,https://www.aldi.com.au/fileadmin/fm-dam/images/The_Block/Fuelling_the_Block_2016/ALC7782_THE_BLOCK_1x1_228x128_48.jpg,https://www.aldi.com.au/en/groceries/skin-care/skin-care-detail/ps/p/lacura-essentials-revitalise-cleansing-wipes-30pk/,$1.69
groceries,skin-care,Skin Science Renew Serum 50ml,https://www.aldi.com.au/fileadmin/fm-dam/Products/Groceries/skin_care/ALN1075_SKIN_CARE_UPDATE_1x1_228x128_25.jpg,https://www.aldi.com.au/en/groceries/skin-care/skin-care-detail/ps/p/lacura-naturals-revitalising-facial-foaming-cleans/,$4.99
groceries,skin-care,LACURA,https://www.aldi.com.au/fileadmin/fm-dam/Products/Groceries/skin_care/ALN1075_SKIN_CARE_UPDATE_1x1_228x128_26.jpg,https://www.aldi.com.au/en/groceries/skin-care/skin-care-detail/ps/p/lacura-naturals-pore-cleansing-clarifying-facial-s/,$4.99
groceries,skin-care,Skin Science Renew Expert Day Cream SPF 15 50ml,https://www.aldi.com.au/fileadmin/fm-dam/Products/Groceries/skin_care/ALN1075_SKIN_CARE_UPDATE_1x1_228x128_27.jpg,https://www.aldi.com.au/en/groceries/skin-care/skin-care-detail/ps/p/lacura-naturals-invigorating-exfoliating-facial-sc/,$4.99
groceries,skin-care,,https://www.aldi.com.au/fileadmin/fm-dam/Products/Groceries/skin_care/ALN1075_SKIN_CARE_UPDATE_1x1_228x128_24.jpg,https://www.aldi.com.au/en/groceries/skin-care/skin-care-detail/ps/p/lacura-naturals-anti-aging-day-cream-with-liquoric/,$7.99
groceries,skin-care,LACURA,https://www.aldi.com.au/fileadmin/fm-dam/Products/Groceries/skin_care/ALN1075_SKIN_CARE_UPDATE_1x1_228x128_23.jpg,https://www.aldi.com.au/en/groceries/skin-care/skin-care-detail/ps/p/lacura-naturals-anti-aging-night-cream-with-rice-b/,$7.99
groceries,skin-care,Skin Science Renew Expert Night Cream SPF 15 50ml,https://www.aldi.com.au/fileadmin/fm-dam/Products/Groceries/skin_care/ALN1075_SKIN_CARE_UPDATE_1x1_228x128_21.jpg,https://www.aldi.com.au/en/groceries/skin-care/skin-care-detail/ps/p/lacura-naturals-anti-aging-serum-with-ginger-extra/,$7.99
groceries,skin-care,,https://www.aldi.com.au/fileadmin/fm-dam/Products/Groceries/skin_care/ALN1075_SKIN_CARE_UPDATE_1x1_228x128_22.jpg,https://www.aldi.com.au/en/groceries/skin-care/skin-care-detail/ps/p/lacura-naturals-anti-aging-eye-cream-with-tiger-gr/,$7.99
groceries,skin-care,LACURA,https://www.aldi.com.au/fileadmin/fm-dam/Products/Groceries/skin_care/ALN1075_SKIN_CARE_UPDATE_1x1_228x128_18.jpg,https://www.aldi.com.au/en/groceries/skin-care/skin-care-detail/ps/p/lacura-beauty-long-lasting-duo-lipstick/,$6.99
groceries,skin-care,Essentials Renew Cleansing Wipes 30pk,https://www.aldi.com.au/fileadmin/fm-dam/Products/Groceries/skin_care/ALN1075_SKIN_CARE_UPDATE_1x1_228x128_19.jpg,https://www.aldi.com.au/en/groceries/skin-care/skin-care-detail/ps/p/lacura-beauty-long-lasting-compact-powder-10g/,$5.99
groceries,skin-care,LACURA,https://www.aldi.com.au/fileadmin/fm-dam/Products/Groceries/skin_care/ALN1075_SKIN_CARE_UPDATE_1x1_228x128_20.jpg,https://www.aldi.com.au/en/groceries/skin-care/skin-care-detail/ps/p/lacura-beauty-long-lasting-compact-blush-45g/,$5.99
groceries,skin-care,Skin Science Revive Hyaluronic Gel 30ml,https://www.aldi.com.au/fileadmin/fm-dam/Products/Groceries/skin_care/ALP0614_WEB_AUDIT_2Q_LACURA_1x1_128x228_7.jpg,https://www.aldi.com.au/en/groceries/skin-care/skin-care-detail/ps/p/lacura-beauty-foundation-with-sunscreen/,$4.99
groceries,skin-care,LACURA,https://www.aldi.com.au/fileadmin/fm-dam/Products/Groceries/skin_care/ALP0614_WEB_AUDIT_2Q_LACURA_1x1_128x228_6.jpg,https://www.aldi.com.au/en/groceries/skin-care/skin-care-detail/ps/p/lacura-beauty-face-primer-3-in-1/,$4.99
groceries,baby-care,Mamia Unisex Infant Nappies 4-8kg 60pk,https://www.aldi.com.au/fileadmin/fm-dam/Products/Groceries/baby_care/2018_Baby_Care/Mamia/ALN1622_MAMIA_1x1_228x128_4.jpg,https://www.aldi.com.au/en/groceries/baby-care/baby-care-detail/ps/p/mamia-unisex-infant-nappies-4-8kg-60pk-1/,$9.99
groceries,baby-care,Mamia Unisex Crawler Nappies 6-11kg 56pk,https://www.aldi.com.au/fileadmin/fm-dam/Products/Groceries/baby_care/2019/ALN2147_1x1_BABYCARE_228x128_6.jpg,https://www.aldi.com.au/en/groceries/baby-care/baby-care-detail/ps/p/mamia-unisex-crawler-nappies-6-11kg-56pk-1/,$9.99
groceries,baby-care,Mamia Unisex Toddler Nappies 10-15kg 50pk,https://www.aldi.com.au/fileadmin/fm-dam/Products/Groceries/baby_care/2019/ALN2147_1x1_BABYCARE_228x128_7.jpg,https://www.aldi.com.au/en/groceries/baby-care/baby-care-detail/ps/p/mamia-unisex-toddler-nappies-10-15kg-50pk-1/,$9.99
groceries,baby-care,Mamia Unisex Walker Nappies 13-18kg 48pk,https://www.aldi.com.au/fileadmin/fm-dam/Products/Groceries/baby_care/2019/ALN2147_1x1_BABYCARE_228x128_9.jpg,https://www.aldi.com.au/en/groceries/baby-care/baby-care-detail/ps/p/mamia-unisex-walker-nappies-13-18kg-48pk-1/,$9.99
groceries,baby-care,Mamia Unisex Junior Nappies 16-25kg 44pk,https://www.aldi.com.au/fileadmin/fm-dam/Products/Groceries/baby_care/2019/ALN2147_1x1_BABYCARE_228x128_8.jpg,https://www.aldi.com.au/en/groceries/baby-care/baby-care-detail/ps/p/mamia-unisex-junior-nappies-16-25kg-44pk-1/,$9.99
groceries,baby-care,Mamia Unisex Nappy Pants Walker 12-18kg 23pk,https://www.aldi.com.au/fileadmin/fm-dam/Products/Groceries/baby_care/2018_Baby_Care/Mamia/Products/ALN1814_MAMIA_1x1_228x128_7.jpg,https://www.aldi.com.au/en/groceries/baby-care/baby-care-detail/ps/p/mamia-unisex-nappy-pants-23pk-walker/,$8.49
groceries,baby-care,Mamia Unisex Nappy Pants Junior 16kg+ 21pk,https://www.aldi.com.au/fileadmin/fm-dam/Products/Groceries/baby_care/2018_Baby_Care/Mamia/Products/ALN1814_MAMIA_1x1_228x128_9.jpg,https://www.aldi.com.au/en/groceries/baby-care/baby-care-detail/ps/p/mamia-unisex-nappy-pants-junior-16kg-21pk/,$8.49
groceries,baby-care,Mamia Unisex Crawler Nappies 6-11kg 90pk,https://www.aldi.com.au/fileadmin/fm-dam/Products/Groceries/baby_care/2019/ALN2147_1x1_BABYCARE_228x128_13.jpg,https://www.aldi.com.au/en/groceries/baby-care/baby-care-detail/ps/p/mamia-unisex-crawler-nappies-6-11kg-90pk/,$14.99
groceries,baby-care,Mamia Unisex Toddler Nappies 10-15kg 80pk,https://www.aldi.com.au/fileadmin/fm-dam/Products/Groceries/baby_care/2019/ALN2147_1x1_BABYCARE_228x128_14.jpg,https://www.aldi.com.au/en/groceries/baby-care/baby-care-detail/ps/p/mamia-unisex-toddler-nappies-10-15kg-80pk/,$14.99
groceries,baby-care,Mamia Unisex Walker Nappies 13-18kg 72pk,https://www.aldi.com.au/fileadmin/fm-dam/Products/Groceries/baby_care/2019/ALN2147_1x1_BABYCARE_228x128_15.jpg,https://www.aldi.com.au/en/groceries/baby-care/baby-care-detail/ps/p/mamia-unisex-walker-nappies-13-18kg-72pk/,$14.69
groceries,baby-care,Mamia Unisex Junior Nappies 16-25kg 66pk,https://www.aldi.com.au/fileadmin/fm-dam/Products/Groceries/baby_care/2019/ALN2147_1x1_BABYCARE_228x128_16.jpg,https://www.aldi.com.au/en/groceries/baby-care/baby-care-detail/ps/p/mamia-unisex-junior-nappies-16-25kg-66pk/,$14.69
groceries,just-organic,Just Organic Traditional Pasta Sauce 500g,https://www.aldi.com.au/fileadmin/fm-dam/Products/Groceries/Just_Organic_TM_/2018/ALN1989_ORGANIC_1x1_.jpg,https://www.aldi.com.au/en/groceries/just-organic/chocolate-detail/ps/p/just-organic-traditional-pasta-sauce-500g/,$2.49
groceries,coffee,Expressi Decaffi,https://www.aldi.com.au/fileadmin/fm-dam/Products/Groceries/coffee/Expressi_2019/Expressi_Capsules_Update/ALN2147_Q4_COFFEE_1x1_228x128_4.jpg,https://www.aldi.com.au/en/groceries/coffee/coffee-detail/ps/p/expressi-decaffi/,$5.99
groceries,coffee,Expressi Valletta,https://www.aldi.com.au/fileadmin/fm-dam/Products/Groceries/coffee/Expressi_2019/Expressi_Capsules_Update/ALN2147_Q4_COFFEE_1x1_228x128_3.jpg,https://www.aldi.com.au/en/groceries/coffee/coffee-detail/ps/p/expressi-valletta/,$5.99
groceries,coffee,Expressi Tauro,https://www.aldi.com.au/fileadmin/fm-dam/Products/Groceries/coffee/Expressi_2019/Expressi_Capsules_Update/ALN2147_Q4_COFFEE_1x1_228x128_.jpg,https://www.aldi.com.au/en/groceries/coffee/coffee-detail/ps/p/expressi-tauro/,$5.99
groceries,coffee,Expressi Perugia,https://www.aldi.com.au/fileadmin/fm-dam/Products/Groceries/coffee/Expressi_2019/Expressi_Capsules_Update/ALN2147_Q4_COFFEE_1x1_228x128_2.jpg,https://www.aldi.com.au/en/groceries/coffee/coffee-detail/ps/p/expressi-perugia/,$5.99
groceries,coffee,Expressi Caramel Flavoured Hot Chocolate 16pk,https://www.aldi.com.au/fileadmin/fm-dam/Products/Groceries/coffee/Expressi_Capsules/Limited_Edition/ALN1828_NEW_EXPRESSI_PRODUCT_1x1_228x128_2.jpg,https://www.aldi.com.au/en/groceries/coffee/coffee-detail/ps/p/expressi-caramel-flavoured-hot-chocolate/,$5.99
groceries,coffee,Expressi Rich Hot Chocolate,https://www.aldi.com.au/fileadmin/_processed_/4/8/csm_ALC7256_1x1_128x228_2_19aa434a14.jpg,https://www.aldi.com.au/en/groceries/coffee/coffee-detail/ps/p/expressi-rich-hot-chocolate/,$5.99
groceries,chocolate,Marzipan Bar 100g,https://www.aldi.com.au/fileadmin/_processed_/9/f/csm_ALC5208_Choceur_Marzipan_Bar_1X1_Typo3_1f3aabf47e.jpg,https://www.aldi.com.au/en/groceries/chocolate/chocolate-detail/ps/p/marzipan-bar-100g/,$1.99
groceries,chocolate,Hazelnut Crème Mini Chocolate Bars 5 x 40g,https://www.aldi.com.au/fileadmin/fm-dam/Products/Groceries/chocolate/ALN1075_1x1_CHOCOLATE_228x128_6.jpg,https://www.aldi.com.au/en/groceries/chocolate/chocolate-detail/ps/p/hazelnut-creme-mini-chocolate-bars-5-x-40g/,$2.99
groceries,chocolate,Milk Mini Chocolate Bars 5 x 40g,https://www.aldi.com.au/fileadmin/fm-dam/Products/Groceries/chocolate/2016_Chocolate_Products/ALC7929_Choceur_Range_1x1_228x128_9.jpg,https://www.aldi.com.au/en/groceries/chocolate/chocolate-detail/ps/p/milk-mini-chocolate-bars-5-x-40g/,$2.99
groceries,chocolate,Dark Mini Chocolate Bars 5 x 40g,https://www.aldi.com.au/fileadmin/fm-dam/Products/Groceries/chocolate/2016_Chocolate_Products/ALC7929_Choceur_Range_1x1_228x128_10.jpg,https://www.aldi.com.au/en/groceries/chocolate/chocolate-detail/ps/p/dark-mini-chocolate-bars-5-x-40g/,$2.99
groceries,chocolate,White Mini Chocolate Bars 5 x 40g,https://www.aldi.com.au/fileadmin/fm-dam/Products/Groceries/chocolate/2016_Chocolate_Products/ALC7929_Choceur_Range_1x1_228x128_11.jpg,https://www.aldi.com.au/en/groceries/chocolate/chocolate-detail/ps/p/white-mini-chocolate-bars-5-x-40g/,$2.99
groceries,chocolate,Hazelnut Mini Chocolate Bars 5 x 40g,https://www.aldi.com.au/fileadmin/fm-dam/Products/Groceries/chocolate/ALN1075_1x1_CHOCOLATE_228x128_2.jpg,https://www.aldi.com.au/en/groceries/chocolate/chocolate-detail/ps/p/hazelnut-mini-chocolate-bars-5-x-40g/,$2.99
groceries,chocolate,Marzipan Mini Chocolate Bars 5 x 40g,https://www.aldi.com.au/fileadmin/fm-dam/Products/Groceries/chocolate/2016_Chocolate_Products/ALC7929_Choceur_Range_1x1_228x128_13.jpg,https://www.aldi.com.au/en/groceries/chocolate/chocolate-detail/ps/p/marzipan-mini-chocolate-bars-5-x-40g/,$2.99
groceries,chocolate,White Crisp Mini Chocolate Bars 5 x 40g,https://www.aldi.com.au/fileadmin/fm-dam/Products/Groceries/chocolate/2016_Chocolate_Products/ALC7929_Choceur_Range_1x1_228x128_12.jpg,https://www.aldi.com.au/en/groceries/chocolate/chocolate-detail/ps/p/white-crisp-mini-chocolate-bars-5-x-40g/,$2.99
groceries,chocolate,Choceur Mountain Bar 100g,https://www.aldi.com.au/fileadmin/fm-dam/Products/Groceries/chocolate/ALN1075_1x1_CHOCOLATE_228x128_5.jpg,https://www.aldi.com.au/en/groceries/chocolate/chocolate-detail/ps/p/choceur-mountain-bar-100g/,$1.99
groceries,chocolate,Choceur Liviano 150g,https://www.aldi.com.au/fileadmin/fm-dam/Products/Groceries/chocolate/ALN1075_1x1_CHOCOLATE_228x128_7.jpg,https://www.aldi.com.au/en/groceries/chocolate/chocolate-detail/ps/p/choceur-liviano-150g/,$1.99
groceries,chocolate,Choceur Milk Choc Sticks 200g,https://www.aldi.com.au/fileadmin/fm-dam/Products/Groceries/chocolate/ALN1075_1x1_CHOCOLATE_228x128_8.jpg,https://www.aldi.com.au/en/groceries/chocolate/chocolate-detail/ps/p/choceur-milk-choc-sticks-200g/,$2.79
groceries,skin-care,Skin Science Revive Night Elixir 30ml,https://www.aldi.com.au/fileadmin/fm-dam/Products/Groceries/skin_care/ALP0614_WEB_AUDIT_2Q_LACURA_1x1_128x228_4.jpg,https://www.aldi.com.au/en/groceries/skin-care/skin-care-detail/ps/p/lacura-beauty-24hr-mascara-waterproof-116ml-or-vol/,$6.99
groceries,baby-care,Mamia Swim Pants 12pk / 11pk,https://www.aldi.com.au/fileadmin/fm-dam/Products/Groceries/baby_care/2019/ALN2147_1x1_BABYCARE_228x128_4.jpg,https://www.aldi.com.au/en/groceries/baby-care/baby-care-detail/ps/p/mamia-swim-pants-12pk-11pk/,$6.99
groceries,baby-care,Mamia Baby Wipes 80pk Scented,https://www.aldi.com.au/fileadmin/fm-dam/Products/Groceries/baby_care/2019/ALN2147_1x1_BABYCARE_228x128_11.jpg,https://www.aldi.com.au/en/groceries/baby-care/baby-care-detail/ps/p/mamia-baby-wipes-80pk-scented-1/,$1.89
groceries,baby-care,Mamia Baby Wipes 80pk Fragrance Free,https://www.aldi.com.au/fileadmin/fm-dam/Products/Groceries/baby_care/2019/ALN2147_1x1_BABYCARE_228x128_10.jpg,https://www.aldi.com.au/en/groceries/baby-care/baby-care-detail/ps/p/mamia-baby-wipes-80pk-fragrance-free/,$1.89
groceries,baby-care,Mamia Premium Baby Wipes Fragrance Free 240pk,https://www.aldi.com.au/fileadmin/fm-dam/Products/Groceries/baby_care/ALN1075_1x1_BABY_228x128_7.jpg,https://www.aldi.com.au/en/groceries/baby-care/baby-care-detail/ps/p/mamia-premium-baby-wipes-fragrance-free-240pk-1/,$7.69
groceries,baby-care,Mamia Baby Wipes 480pk Fragance free,https://www.aldi.com.au/fileadmin/fm-dam/Products/Groceries/baby_care/ALN1075_1x1_BABY_228x128_16.jpg,https://www.aldi.com.au/en/groceries/baby-care/baby-care-detail/ps/p/mamia-baby-wipes-480pk-fragance-free/,$8.99
groceries,baby-care,Mamia Baby Wipes Embossed Fragrance Free 80pk,https://www.aldi.com.au/fileadmin/fm-dam/Products/Groceries/baby_care/ALN1075_AWARDS_BABY_1x1_228x128_3.jpg,https://www.aldi.com.au/en/groceries/baby-care/baby-care-detail/ps/p/mamia-baby-wipes-embossed-fragrance-free-80pk/,$2.69
groceries,baby-care,Mamia Baby Wipes Embossed Scented 80pk,https://www.aldi.com.au/fileadmin/fm-dam/Products/Groceries/baby_care/ALN1075_AWARDS_BABY_1x1_228x128_4.jpg,https://www.aldi.com.au/en/groceries/baby-care/baby-care-detail/ps/p/mamia-baby-wipes-embossed-scented-80pk/,$2.69
groceries,baby-care,Mamia Baby Fruit 4 Months+ 120g,https://www.aldi.com.au/fileadmin/fm-dam/Products/Groceries/baby_care/2019/ALN2147_1x1_BABYCARE_228x128_17.jpg,https://www.aldi.com.au/en/groceries/baby-care/baby-care-detail/ps/p/mamia-baby-fruit-4-months-120g/,99c
groceries,baby-care,Mamia Baby’s First Breakfast 4mth+ Fruit & Cereal,https://www.aldi.com.au/fileadmin/fm-dam/Products/Groceries/baby_care/2018_Baby_Care/Update/ALN1726-2_1x1_BABYCARE_228x128_.jpg,https://www.aldi.com.au/en/groceries/baby-care/baby-care-detail/ps/p/mamia-babys-first-breakfast-4mth-fruit-cereal/,89c
groceries,baby-care,,https://www.aldi.com.au/fileadmin/fm-dam/Products/Groceries/baby_care/2018_Baby_Care/Update/ALN1726-2_1x1_BABYCARE_228x128_2.jpg,https://www.aldi.com.au/en/groceries/baby-care/baby-care-detail/ps/p/mamia-babys-first-breakfast-6mth-porridge/,89c
groceries,just-organic,Just Organic Basil & Garlic Pasta Sauce 500g,https://www.aldi.com.au/fileadmin/fm-dam/Products/Groceries/Just_Organic_TM_/2018/ALN1989_ORGANIC_1x1_2.jpg,https://www.aldi.com.au/en/groceries/just-organic/chocolate-detail/ps/p/just-organic-basil-garlic-pasta-sauce-500g/,$2.49
groceries,just-organic,Just Organic Passata 700g,https://www.aldi.com.au/fileadmin/fm-dam/Products/Groceries/Just_Organic_TM_/2018/ALN1989_ORGANIC_1x1_3.jpg,https://www.aldi.com.au/en/groceries/just-organic/chocolate-detail/ps/p/just-organic-passata-700g-1/,$1.99
groceries,just-organic,Just Organic Tomato Paste 140g,https://www.aldi.com.au/fileadmin/fm-dam/Products/Groceries/Just_Organic_TM_/2018/ALN1989_ORGANIC_1x1_5.jpg,https://www.aldi.com.au/en/groceries/just-organic/chocolate-detail/ps/p/just-organic-tomato-paste-140g/,99c
groceries,just-organic,Just Organic Penne Pasta 500g,https://www.aldi.com.au/fileadmin/fm-dam/Products/Groceries/Just_Organic_TM_/2018/ALN1989_ORGANIC_1x1_6.jpg,https://www.aldi.com.au/en/groceries/just-organic/chocolate-detail/ps/p/just-organic-penne-pasta-500g/,$1.59
groceries,just-organic,Just Organic Wholemeal Spaghetti 500g,https://www.aldi.com.au/fileadmin/fm-dam/Products/Groceries/Just_Organic_TM_/2018/ALN1989_ORGANIC_1x1_7.jpg,https://www.aldi.com.au/en/groceries/just-organic/chocolate-detail/ps/p/just-organic-wholemeal-spaghetti-500g/,$1.59
groceries,just-organic,Just Organic Wholemeal Spiral Pasta 500g,https://www.aldi.com.au/fileadmin/fm-dam/Products/Groceries/Just_Organic_TM_/2018/ALN1989_ORGANIC_1x1_8.jpg,https://www.aldi.com.au/en/groceries/just-organic/chocolate-detail/ps/p/just-organic-wholemeal-spiral-pasta-500g/,$1.59
groceries,just-organic,Just Organic Baked Beans,https://www.aldi.com.au/fileadmin/fm-dam/Products/Groceries/Just_Organic_TM_/2018/ALN1989_ORGANIC_1x1_9.jpg,https://www.aldi.com.au/en/groceries/just-organic/chocolate-detail/ps/p/just-organic-baked-beans/,99c
groceries,just-organic,Just Organic Firm Tofu 450g,https://www.aldi.com.au/fileadmin/fm-dam/Products/Groceries/Just_Organic_TM_/2018/ALN1989_ORGANIC_1x1_10.jpg,https://www.aldi.com.au/en/groceries/just-organic/chocolate-detail/ps/p/just-organic-firm-tofu-450g/,$2.99
groceries,just-organic,Just Organic Quinoa – White or Tricolour  500g,https://www.aldi.com.au/fileadmin/fm-dam/Products/Groceries/Just_Organic_TM_/2018/ALN1989_ORGANIC_1x1_11.jpg,https://www.aldi.com.au/en/groceries/just-organic/chocolate-detail/ps/p/just-organic-quinoa-white-or-tricolour-500g/,$6.49
groceries,just-organic,Just Organic Fairtrade Green Tea 50pk/75g,https://www.aldi.com.au/fileadmin/fm-dam/Products/Groceries/Just_Organic_TM_/2018/ALN1989_ORGANIC_1x1_12.jpg,https://www.aldi.com.au/en/groceries/just-organic/chocolate-detail/ps/p/just-organic-fairtrade-green-tea-50pk75g/,$1.99
groceries,baby-care,Mamia Baby’s First Breakfast 6mth+  Porridge,https://www.aldi.com.au/fileadmin/fm-dam/Products/Groceries/baby_care/2018_Baby_Care/Update/ALN1726-2_1x1_BABYCARE_228x128_3.jpg,https://www.aldi.com.au/en/groceries/baby-care/baby-care-detail/ps/p/mamia-babys-first-breakfast-6mth-muesli/,89c
groceries,baby-care,,https://www.aldi.com.au/fileadmin/fm-dam/Products/Groceries/baby_care/ALN1075_1x1_BABY_228x128_8.jpg,https://www.aldi.com.au/en/groceries/baby-care/baby-care-detail/ps/p/mamia-organic-baby-fruit-4-months-120g/,$1.29
groceries,baby-care,Mamia Baby’s First Breakfast 6mth+  Muesli,https://www.aldi.com.au/fileadmin/fm-dam/Products/Groceries/baby_care/2019/ALN2147_1x1_BABYCARE_228x128_.jpg,https://www.aldi.com.au/en/groceries/baby-care/baby-care-detail/ps/p/mamia-baby-food-desserts-6-months-120g/,89c
groceries,baby-care,,https://www.aldi.com.au/fileadmin/fm-dam/Products/Groceries/baby_care/2018_Baby_Care/Update/ALN1726-2_1x1_BABYCARE_228x128_6.jpg,https://www.aldi.com.au/en/groceries/baby-care/baby-care-detail/ps/p/mamia-premium-baby-food-6-months-120g/,89c
groceries,baby-care,Mamia Organic Baby Fruit 4 Months+ 120g,https://www.aldi.com.au/fileadmin/fm-dam/Products/Groceries/Home_of_the_Lowest_Prices/2016/ALC7717_1x1_228x128-sfb-apple.jpg,https://www.aldi.com.au/en/groceries/baby-care/baby-care-detail/ps/p/mamia-fruit-snack-cereal-bars-apple-12-months-128g/,$2.49
groceries,baby-care,Mamia Baby Food Desserts 6 Months+ 120g,https://www.aldi.com.au/fileadmin/fm-dam/Products/Groceries/baby_care/2019/ALN2147_1x1_BABYCARE_228x128_3.jpg,https://www.aldi.com.au/en/groceries/baby-care/baby-care-detail/ps/p/mamia-fruit-snack-cereal-bars-pear-banana-12-month/,$2.49
groceries,baby-care,Mamia Premium Baby Food 6+ Months 120g,https://www.aldi.com.au/fileadmin/fm-dam/Products/Groceries/baby_care/2018_Baby_Care/Update/ALN1726-2_1x1_BABYCARE_228x128_10.jpg,https://www.aldi.com.au/en/groceries/baby-care/baby-care-detail/ps/p/mamia-fruit-oat-bars-90g-strawberry-12-months/,$2.49
groceries,baby-care,Mamia Fruit Snack Cereal Bars Apple 12+ months 128g,https://www.aldi.com.au/fileadmin/fm-dam/Products/Groceries/baby_care/2018_Baby_Care/Update/ALN1726-2_1x1_BABYCARE_228x128_11.jpg,https://www.aldi.com.au/en/groceries/baby-care/baby-care-detail/ps/p/mamia-fruit-oat-bars-90g-apple-raisin-with-yogurt/,$2.49
groceries,baby-care,,https://www.aldi.com.au/fileadmin/fm-dam/Products/Groceries/baby_care/2018_Baby_Care/Update/ALN1726-2_1x1_BABYCARE_228x128_12.jpg,https://www.aldi.com.au/en/groceries/baby-care/baby-care-detail/ps/p/mamia-fruit-oat-bars-90g-apricot-12-months/,$2.49
groceries,baby-care,Mamia Fruit Snack Cereal Bars Pear & Banana 12+ months 128g,https://www.aldi.com.au/fileadmin/fm-dam/Products/Groceries/baby_care/2019/ALN2147_1x1_BABYCARE_228x128_12.jpg,https://www.aldi.com.au/en/groceries/baby-care/baby-care-detail/ps/p/mamia-organic-beetroot-blueberry-mini-rice-cakes-4/,$1.49
groceries,baby-care,,https://www.aldi.com.au/fileadmin/fm-dam/Products/Groceries/baby_care/ALN1075_AWARDS_BABY_1x1_228x128_.jpg,https://www.aldi.com.au/en/groceries/baby-care/baby-care-detail/ps/p/mamia-organic-apple-mini-rice-cakes-40g/,$1.49
groceries,baby-care,Mamia Fruit & Oat Bars 90g - Strawberry 12+ Months,https://www.aldi.com.au/fileadmin/fm-dam/Products/Groceries/Home_of_the_Lowest_Prices/2016/ALC7717_1x1_228x128_3-GOLD.jpg,https://www.aldi.com.au/en/groceries/baby-care/baby-care-detail/ps/p/mamia-infant-formula-toddler-step-3-900g/,$11.99
groceries,just-organic,Just Organic Fairtrade Rooibos Herbal Infusion Tea 50pk/80g,https://www.aldi.com.au/fileadmin/fm-dam/Products/Groceries/Just_Organic_TM_/2018/ALN1989_ORGANIC_1x1_13.jpg,https://www.aldi.com.au/en/groceries/just-organic/chocolate-detail/ps/p/just-organic-fairtrade-rooibos-herbal-infusion-tea/,$1.99
groceries,just-organic,Just Organic Fairtrade Black Tea 50pk/100g,https://www.aldi.com.au/fileadmin/fm-dam/Products/Groceries/Just_Organic_TM_/2018/ALN1989_ORGANIC_1x1_14.jpg,https://www.aldi.com.au/en/groceries/just-organic/chocolate-detail/ps/p/just-organic-fairtrade-black-tea-50pk100g/,$1.99
groceries,just-organic,Just Organic Fairtrade Ground Coffee 250g,https://www.aldi.com.au/fileadmin/fm-dam/Products/Groceries/Just_Organic_TM_/2018/ALN1989_ORGANIC_1x1_15.jpg,https://www.aldi.com.au/en/groceries/just-organic/chocolate-detail/ps/p/just-organic-fairtrade-ground-coffee-250g-1/,$4.69
groceries,just-organic,Just Organic Kombucha – Ginger & Lemon 330ml,https://www.aldi.com.au/fileadmin/fm-dam/Products/Groceries/Just_Organic_TM_/2018/ALN1989_ORGANIC_1x1_16.jpg,https://www.aldi.com.au/en/groceries/just-organic/chocolate-detail/ps/p/just-organic-kombucha-ginger-lemon-330ml/,$2.49
groceries,just-organic,Just Organic Apple Cider Vinegar 500ml,https://www.aldi.com.au/fileadmin/fm-dam/Products/Groceries/Just_Organic_TM_/2018/ALN1989_ORGANIC_1x1_18.jpg,https://www.aldi.com.au/en/groceries/just-organic/chocolate-detail/ps/p/just-organic-apple-cider-vinegar-500ml-2/,$3.29
groceries,just-organic,Just Organic UHT Milk 1L,https://www.aldi.com.au/fileadmin/fm-dam/Products/Groceries/Just_Organic_TM_/2018/ALN1989_ORGANIC_1x1_20.jpg,https://www.aldi.com.au/en/groceries/just-organic/chocolate-detail/ps/p/just-organic-uht-milk-1l/,$1.79
groceries,just-organic,Just Organic Reduced Fat Milk 1L,https://www.aldi.com.au/fileadmin/fm-dam/Products/Groceries/Just_Organic_TM_/2018/ALN1989_ORGANIC_1x1_21.jpg,https://www.aldi.com.au/en/groceries/just-organic/chocolate-detail/ps/p/just-organic-reduced-fat-milk-1l/,$1.99
groceries,just-organic,Just Organic UHT Soy Milk 1L,https://www.aldi.com.au/fileadmin/fm-dam/Products/Groceries/Just_Organic_TM_/2018/ALN1989_ORGANIC_1x1_22.jpg,https://www.aldi.com.au/en/groceries/just-organic/chocolate-detail/ps/p/just-organic-uht-soy-milk-1l/,$1.59
groceries,just-organic,Just Organic Natural Yogurt 1kg,https://www.aldi.com.au/fileadmin/fm-dam/Products/Groceries/Just_Organic_TM_/2018/ALN1989_ORGANIC_1x1_23.jpg,https://www.aldi.com.au/en/groceries/just-organic/chocolate-detail/ps/p/just-organic-natural-yogurt-1kg-3/,$5$2.
groceries,just-organic,Just Organic Natural Yogurt 500g,https://www.aldi.com.au/fileadmin/fm-dam/Products/Groceries/Just_Organic_TM_/2018/ALN1989_ORGANIC_1x1_24.jpg,https://www.aldi.com.au/en/groceries/just-organic/chocolate-detail/ps/p/just-organic-natural-yogurt-500g/,99$5
groceries,just-organic,Just Organic Vanilla Bean Yogurt 1kg,https://www.aldi.com.au/fileadmin/fm-dam/Products/Groceries/Just_Organic_TM_/2018/ALN1989_ORGANIC_1x1_25.jpg,https://www.aldi.com.au/en/groceries/just-organic/chocolate-detail/ps/p/just-organic-vanilla-bean-yogurt-1kg-1/,$3.49
groceries,just-organic,Just Organic Brie 125g,https://www.aldi.com.au/fileadmin/fm-dam/Products/Groceries/Just_Organic_TM_/2018/ALN1989_ORGANIC_1x1_26.jpg,https://www.aldi.com.au/en/groceries/just-organic/chocolate-detail/ps/p/just-organic-brie-125g/,$3.49
groceries,just-organic,Just Organic Toasted Muesli 500g,https://www.aldi.com.au/fileadmin/fm-dam/Products/Groceries/Just_Organic_TM_/2018/ALN1989_ORGANIC_1x1_27.jpg,https://www.aldi.com.au/en/groceries/just-organic/chocolate-detail/ps/p/just-organic-toasted-muesli-500g/,$3.49
groceries,just-organic,"Just Organic Almond, Fig & Cranberry Muesli 500g",https://www.aldi.com.au/fileadmin/fm-dam/Products/Groceries/Just_Organic_TM_/2018/ALN1989_ORGANIC_1x1_28.jpg,https://www.aldi.com.au/en/groceries/just-organic/chocolate-detail/ps/p/just-organic-almond-fig-cranberry-muesli-500g/,$3.99
groceries,just-organic,Just Organic Toasted Muesli Clusters with Fruit,https://www.aldi.com.au/fileadmin/fm-dam/Products/Groceries/Just_Organic_TM_/2018/ALN1989_ORGANIC_1x1_29.jpg,https://www.aldi.com.au/en/groceries/just-organic/chocolate-detail/ps/p/just-organic-toasted-muesli-clusters-with-fruit/,$2.99
groceries,just-organic,Just Organic Sun-Dried Thompson Seedless Raisins 375g,https://www.aldi.com.au/fileadmin/fm-dam/Products/Groceries/Just_Organic_TM_/2018/ALN1989_ORGANIC_1x1_30.jpg,https://www.aldi.com.au/en/groceries/just-organic/chocolate-detail/ps/p/just-organic-sun-dried-thompson-seedless-raisins-3/,$2.99
groceries,just-organic,Just Organic Sun-Dried Muscat Raisins 375g,https://www.aldi.com.au/fileadmin/fm-dam/Products/Groceries/Just_Organic_TM_/2018/ALN1989_ORGANIC_1x1_31.jpg,https://www.aldi.com.au/en/groceries/just-organic/chocolate-detail/ps/p/just-organic-sun-dried-muscat-raisins-375g/,$4.49
groceries,just-organic,Just Organic Extra Virgin Coconut Oil 300g,https://www.aldi.com.au/fileadmin/fm-dam/Products/Groceries/Just_Organic_TM_/2018/ALN1989_ORGANIC_1x1_32.jpg,https://www.aldi.com.au/en/groceries/just-organic/chocolate-detail/ps/p/just-organic-extra-virgin-coconut-oil-300g-2/,$3.99
groceries,just-organic,Just Organic Natural Coconut Flakes 200g,https://www.aldi.com.au/fileadmin/fm-dam/Products/Groceries/Just_Organic_TM_/2018/ALN1989_ORGANIC_1x1_33.jpg,https://www.aldi.com.au/en/groceries/just-organic/chocolate-detail/ps/p/just-organic-natural-coconut-flakes-200g/,$3.99
groceries,just-organic,Just Organic Toasted Coconut Flakes with Sea Salt 140g,https://www.aldi.com.au/fileadmin/fm-dam/Products/Groceries/Just_Organic_TM_/2018/ALN1989_ORGANIC_1x1_34.jpg,https://www.aldi.com.au/en/groceries/just-organic/chocolate-detail/ps/p/just-organic-toasted-coconut-flakes-with-sea-salt/,$2.79
groceries,just-organic,Just Organic Fairtrade Dark Chocolate with Sea Salt 100g,https://www.aldi.com.au/fileadmin/fm-dam/Products/Groceries/Just_Organic_TM_/2018/ALN1989_ORGANIC_1x1_35.jpg,https://www.aldi.com.au/en/groceries/just-organic/chocolate-detail/ps/p/just-organic-fairtrade-dark-chocolate-with-sea-sal/,$2.79
